1	10	J	Juzgado Primero de Distrito en Materia Administrativa en la Ciudad de México
1	726	J	Juzgado Segundo de Distrito en Materia Administrativa en la Ciudad de México
1	534	J	Juzgado Tercero de Distrito en Materia Administrativa en la Ciudad de México
1	41	J	Juzgado Cuarto de Distrito en Materia Administrativa en la Ciudad de México
1	727	J	Juzgado Quinto de Distrito en Materia Administrativa en la Ciudad de México
1	728	J	Juzgado Sexto de Distrito en Materia Administrativa en la Ciudad de México
1	64	J	Juzgado Séptimo de Distrito en Materia Administrativa en la Ciudad de México
1	729	J	Juzgado Octavo de Distrito en Materia Administrativa en la Ciudad de México
1	76	J	Juzgado Noveno de Distrito en Materia Administrativa en la Ciudad de México
1	730	J	Juzgado Décimo de Distrito en Materia Administrativa en la Ciudad de México
1	576	J	Juzgado Décimo Primero de Distrito en Materia Administrativa en la Ciudad de México
1	731	J	Juzgado Décimo Segundo de Distrito en Materia Administrativa en la Ciudad de México
1	732	J	Juzgado Décimo Tercero de Distrito en Materia Administrativa en la Ciudad de México
1	733	J	Juzgado Décimo Cuarto de Distrito en Materia Administrativa en la Ciudad de México
1	734	J	Juzgado Décimo Quinto de Distrito en Materia Administrativa en la Ciudad de México
1	735	J	Juzgado Décimo Sexto de Distrito en Materia Administrativa en la Ciudad de México
1	4012	J	Juzgado Decimoséptimo de Distrito en Materia Administrativa en la Ciudad de México
1	12	J	Juzgado Primero de Distrito en Materia Civil en la Ciudad de México
1	23	J	Juzgado Segundo de Distrito en Materia Civil en la Ciudad de México
1	33	J	Juzgado Tercero de Distrito en Materia Civil en la Ciudad de México
1	43	J	Juzgado Cuarto de Distrito en Materia Civil en la Ciudad de México
1	51	J	Juzgado Quinto de Distrito en Materia Civil en la Ciudad de México
1	59	J	Juzgado Sexto de Distrito en Materia Civil en la Ciudad de México
1	758	J	Juzgado Séptimo de Distrito en Materia Civil en la Ciudad de México
1	71	J	Juzgado Octavo de Distrito en Materia Civil en la Ciudad de México
1	77	J	Juzgado Noveno de Distrito en Materia Civil en la Ciudad de México
1	83	J	Juzgado Décimo de Distrito en Materia Civil en la Ciudad de México
1	87	J	Juzgado Décimo Primero de Distrito en Materia Civil en la Ciudad de México
1	91	J	Juzgado Décimo Segundo de Distrito en Materia Civil en la Ciudad de México
1	759	J	Juzgado Decimotercero de Distrito en Materia Civil en la Ciudad de México
1	1424	J	Juzgado Decimocuarto de Distrito en Materia Civil en la Ciudad de México
1	527	J	Juzgado Primero de Distrito en Materia de Trabajo en la Ciudad de México
1	535	J	Juzgado Segundo de Distrito en Materia de Trabajo en la Ciudad de México
1	781	J	Juzgado Tercero de Distrito en Materia de Trabajo en la Ciudad de México
1	652	J	Juzgado Cuarto de Distrito en Materia de Trabajo en la Ciudad de México
1	782	J	Juzgado Quinto de Distrito en Materia de Trabajo en la Ciudad de México
1	935	J	Juzgado Sexto de Distrito en Materia de Trabajo en la Ciudad de México
1	1425	J	Juzgado Séptimo de Distrito en Materia de Trabajo en la Ciudad de México
1	1426	J	Juzgado Octavo de Distrito en Materia de Trabajo en la Ciudad de México
1	1427	J	Juzgado Noveno de Distrito en Materia de Trabajo en la Ciudad de México
1	762	J	Juzgado Primero de Distrito en Materia Penal en la Ciudad de México
1	1194	J	Juzgado Primero de Distrito Especializado en Ejecución de Penas
1	763	J	Juzgado Segundo de Distrito en Materia Penal en la Ciudad de México
1	1195	J	Juzgado Segundo de Distrito Especializado en Ejecución de Penas
1	764	J	Juzgado Tercero de Distrito en Materia Penal en la Ciudad de México
1	1196	J	Juzgado Tercero de Distrito Especializado en Ejecución de Penas
1	765	J	Juzgado Cuarto de Distrito en Materia Penal en la Ciudad de México
1	2418	J	Juzgado Cuarto de Distrito Especializado en Ejecución de Penas
1	766	J	Juzgado Quinto de Distrito en Materia Penal en la Ciudad de México
1	2419	J	Juzgado Quinto de Distrito Especializado en Ejecución de Penas
1	767	J	Juzgado Sexto de Distrito en Materia Penal en la Ciudad de México
1	3999	J	Juzgado Sexto de Distrito Especializado en Ejecución de Penas
1	768	J	Juzgado Séptimo de Distrito en Materia Penal en la Ciudad de México
1	769	J	Juzgado Octavo de Distrito en Materia Penal en la Ciudad de México
1	770	J	Juzgado Noveno de Distrito en Materia Penal en la Ciudad de México
1	771	J	Juzgado Décimo de Distrito en Materia Penal en la Ciudad de México
1	772	J	Juzgado Decimoprimero de Distrito en Materia Penal en la Ciudad de México
1	773	J	Juzgado Decimosegundo de Distrito en Materia Penal en la Ciudad de México
1	938	J	Juzgado Decimotercero de Distrito en Materia Penal en la Ciudad de México
1	939	J	Juzgado Decimocuarto de Distrito en Materia Penal en la Ciudad de México
1	1467	J	Juzgado Decimoquinto de Distrito en Materia Penal en la Ciudad de México
1	1468	J	Juzgado Decimosexto de Distrito en Materia Penal en la Ciudad de México
1	555	J	Juzgado Primero de Distrito de Procesos Penales Federales en la Ciudad de México (13/12/2001 - 31/08/2024)
1	25	J	Juzgado Segundo de Distrito de Procesos Penales Federales en la Ciudad de México (02/04/2001 - 31/08/2024)
1	52	J	Juzgado Quinto de Distrito de Procesos Penales Federales en la Ciudad de México (02/04/2001 - 31/08/2024)
1	60	J	Juzgado Sexto de Distrito de Procesos Penales Federales en la Ciudad de México (02/04/2001 - 31/08/2024)
1	949	J	Juzgado Primero de Distrito del Centro Auxiliar de la Primera Región, con residencia en la Ciudad de México
1	964	J	Juzgado Segundo de Distrito del Centro Auxiliar de la Primera Región, con residencia en la Ciudad de México
1	4002	J	Juzgado Primero de Distrito en Materia de Extinción de Dominio con Competencia en la República Mexicana y Especializado en Juicios Orales Mercantiles en el Primer Circuito
1	4157	J	Juzgado Primero de Distrito en Materia de Concursos Mercantiles, con residencia en la Ciudad de México y jurisdicción en toda la República Mexicana
1	4003	J	Juzgado Segundo de Distrito en Materia de Extinción de Dominio con Competencia en la República Mexicana y Especializado en Juicios Orales Mercantiles en el Primer Circuito
1	4158	J	Juzgado Segundo de Distrito en Materia de Concursos Mercantiles, con residencia en la Ciudad de México y jurisdicción en toda la República Mexicana
1	4004	J	Juzgado Tercero de Distrito en Materia de Extinción de Dominio con Competencia en la República Mexicana y Especializado en Juicios Orales Mercantiles en el Primer Circuito
1	4005	J	Juzgado Cuarto de Distrito en Materia de Extinción de Dominio con Competencia en la República Mexicana y Especializado en Juicios Orales Mercantiles en el Primer Circuito
1	4006	J	Juzgado Quinto de Distrito en Materia de Extinción de Dominio con Competencia en la República Mexicana y Especializado en Juicios Orales Mercantiles en el Primer Circuito
1	4007	J	Juzgado Sexto de Distrito en Materia de Extinción de Dominio con Competencia en la República Mexicana y Especializado en Juicios Orales Mercantiles en el Primer Circuito
1	1301	J	Juzgado Primero de Distrito en Materia Administrativa, Especializado en Competencia Económica, Radiodifusión y Telecomunicaciones, con residencia en la Ciudad de México y Jurisdicción en toda la República
1	1302	J	Juzgado Segundo de Distrito en Materia Administrativa, Especializado en Competencia Económica, Radiodifusión y Telecomunicaciones, con residencia en la Ciudad de México y Jurisdicción en toda la República
1	4138	J	Juzgado Tercero de Distrito en Materia Administrativa, Especializado en Competencia Económica, Radiodifusión y Telecomunicaciones, con residencia en la Ciudad de México y Jurisdicción en toda la República
1	4	C	Primer Tribunal Colegiado en Materia Administrativa del Primer Circuito
1	15	C	Segundo Tribunal Colegiado en Materia Administrativa del Primer Circuito
1	26	C	Tercer Tribunal Colegiado en Materia Administrativa del Primer Circuito
1	36	C	Cuarto Tribunal Colegiado en Materia Administrativa del Primer Circuito
1	45	C	Quinto Tribunal Colegiado en Materia Administrativa del Primer Circuito
1	53	C	Sexto Tribunal Colegiado en Materia Administrativa del Primer Circuito
1	61	C	Séptimo Tribunal Colegiado en Materia Administrativa del Primer Circuito
1	67	C	Octavo Tribunal Colegiado en Materia Administrativa del Primer Circuito
1	73	C	Noveno Tribunal Colegiado en Materia Administrativa del Primer Circuito
1	79	C	Décimo Tribunal Colegiado en Materia Administrativa del Primer Circuito
1	84	C	Décimo Primer Tribunal Colegiado en Materia Administrativa del Primer Circuito
1	88	C	Décimo Segundo Tribunal Colegiado en Materia Administrativa del Primer Circuito
1	92	C	Décimo Tercer Tribunal Colegiado en Materia Administrativa del Primer Circuito
1	586	C	Décimo Cuarto Tribunal Colegiado en Materia Administrativa del Primer Circuito
1	708	C	Décimo Quinto Tribunal Colegiado en Materia Administrativa del Primer Circuito
1	792	C	Decimosexto Tribunal Colegiado en Materia Administrativa del Primer Circuito
1	933	C	Decimoséptimo Tribunal Colegiado en Materia Administrativa del Primer Circuito
1	1148	C	Décimo Octavo Tribunal Colegiado en Materia Administrativa del Primer Circuito
1	1442	C	Decimonoveno Tribunal Colegiado en Materia Administrativa del Primer Circuito
1	1443	C	Vigésimo Tribunal Colegiado en Materia Administrativa del Primer Circuito
1	2456	C	Vigésimo Primer Tribunal Colegiado en Materia Administrativa del Primer Circuito
1	3894	C	Vigésimo Segundo Tribunal Colegiado en Materia Administrativa del Primer Circuito
1	3895	C	Vigésimo Tercer Tribunal Colegiado en Materia Administrativa del Primer Circuito
1	4327	C	Vigésimo Cuarto Tribunal Colegiado en Materia Administrativa del Primer Circuito
1	5	C	Primer Tribunal Colegiado en Materia Civil del Primer Circuito
1	16	C	Segundo Tribunal Colegiado en Materia Civil del Primer Circuito
1	27	C	Tercer Tribunal Colegiado en Materia Civil del Primer Circuito
1	37	C	Cuarto Tribunal Colegiado en Materia Civil del Primer Circuito
1	46	C	Quinto Tribunal Colegiado en Materia Civil del Primer Circuito
1	54	C	Sexto Tribunal Colegiado en Materia Civil del Primer Circuito
1	62	C	Séptimo Tribunal Colegiado en Materia Civil del Primer Circuito
1	68	C	Octavo Tribunal Colegiado en Materia Civil del Primer Circuito
1	74	C	Noveno Tribunal Colegiado en Materia Civil del Primer Circuito
1	80	C	Décimo Tribunal Colegiado en Materia Civil del Primer Circuito
1	85	C	Décimo Primer Tribunal Colegiado en Materia Civil del Primer Circuito
1	89	C	Décimo Segundo Tribunal Colegiado en Materia Civil del Primer Circuito
1	93	C	Décimo Tercer Tribunal Colegiado en Materia Civil del Primer Circuito
1	498	C	Décimo Cuarto Tribunal Colegiado en Materia Civil del Primer Circuito
1	3844	C	Décimo Quinto Tribunal Colegiado en Materia Civil del Primer Circuito
1	4011	C	Decimosexto Tribunal Colegiado en Materia Civil del Primer Circuito
1	6	C	Primer Tribunal Colegiado en Materia de Trabajo del Primer Circuito
1	17	C	Segundo Tribunal Colegiado en Materia de Trabajo del Primer Circuito
1	28	C	Tercer Tribunal Colegiado en Materia de Trabajo del Primer Circuito
1	38	C	Cuarto Tribunal Colegiado en Materia de Trabajo del Primer Circuito
1	47	C	Quinto Tribunal Colegiado en Materia de Trabajo del Primer Circuito
1	55	C	Sexto Tribunal Colegiado en Materia de Trabajo del Primer Circuito
1	63	C	Séptimo Tribunal Colegiado en Materia de Trabajo del Primer Circuito
1	69	C	Octavo Tribunal Colegiado en Materia de Trabajo del Primer Circuito
1	75	C	Noveno Tribunal Colegiado en Materia de Trabajo del Primer Circuito
1	81	C	Décimo Tribunal Colegiado en Materia de Trabajo del Primer Circuito
1	86	C	Décimo Primer Tribunal Colegiado en Materia de Trabajo del Primer Circuito
1	90	C	Décimo Segundo Tribunal Colegiado en Materia de Trabajo del Primer Circuito
1	495	C	Décimo Tercer Tribunal Colegiado en Materia de Trabajo del Primer Circuito
1	496	C	Décimo Cuarto Tribunal Colegiado en Materia de Trabajo del Primer Circuito
1	497	C	Décimo Quinto Tribunal Colegiado en Materia de Trabajo del Primer Circuito
1	1417	C	Decimosexto Tribunal Colegiado en Materia de Trabajo del Primer Circuito
1	1372	C	Primer Tribunal Colegiado de Circuito del Centro Auxiliar de la Primera Región, en su carácter de ordinario
1	1374	C	Cuarto Tribunal Colegiado de Circuito del Centro Auxiliar de la Primera Región, en su carácter de ordinario
1	7	C	Primer Tribunal Colegiado en Materia Penal del Primer Circuito
1	18	C	Segundo Tribunal Colegiado en Materia Penal del Primer Circuito
1	29	C	Tercer Tribunal Colegiado en Materia Penal del Primer Circuito
1	39	C	Cuarto Tribunal Colegiado en Materia Penal del Primer Circuito
1	48	C	Quinto Tribunal Colegiado en Materia Penal del Primer Circuito
1	56	C	Sexto Tribunal Colegiado en Materia Penal del Primer Circuito
1	499	C	Séptimo Tribunal Colegiado en Materia Penal del Primer Circuito
1	500	C	Octavo Tribunal Colegiado en Materia Penal del Primer Circuito
1	501	C	Noveno Tribunal Colegiado en Materia Penal del Primer Circuito
1	1671	C	Décimo Tribunal Colegiado en Materia Penal del Primer Circuito.
1	1304	C	Primer Tribunal Colegiado de Circuito en Materia Administrativa, Especializado en Competencia Económica, Radiodifusión y Telecomunicaciones, con residencia en la Ciudad de México y Jurisdicción en toda la República
1	1305	C	Segundo Tribunal Colegiado de Circuito en Materia Administrativa, Especializado en Competencia Económica, Radiodifusión y Telecomunicaciones, con residencia en la Ciudad de México y Jurisdicción en toda la República
1	930	K	Comisión de Conflictos Laborales del Poder Judicial de la Federación
1	6207	K	Unidad de Instrucción de la Comisión de Conflictos Laborales del Tribunal de Disciplina Judicial
1	6315	-	Secretaría General de Acuerdos
1	6316	-	Comisión de Disciplina
1	6317	-	Comisión de Investigación
1	6318	-	Órgano de Investigación de Responsabilidades Administrativas
1	6319	-	Órgano de Evaluación del Desempeño Judicial
1	6320	-	Comisión de Evaluación
1	3986	L	Tribunal Laboral Federal de asuntos colectivos, con sede en la Ciudad de México
1	4260	L	Primer Tribunal Laboral Federal de asuntos individuales, con sede en la Ciudad de México
1	4261	L	Segundo Tribunal Laboral Federal de asuntos individuales, con sede en la Ciudad de México
1	4262	L	Tercer Tribunal Laboral Federal de asuntos individuales, con sede en la Ciudad de México
1	4263	L	Cuarto Tribunal Laboral Federal de asuntos individuales, con sede en la Ciudad de México
1	4264	L	Quinto Tribunal Laboral Federal de asuntos individuales, con sede en la Ciudad de México
1	4265	L	Sexto Tribunal Laboral Federal de asuntos individuales, con sede en la Ciudad de México
1	4266	L	Séptimo Tribunal Laboral Federal de asuntos individuales, con sede en la Ciudad de México
1	4267	L	Octavo Tribunal Laboral Federal de asuntos individuales, con sede en la Ciudad de México
1	4268	L	Noveno Tribunal Laboral Federal de asuntos individuales, con sede en la Ciudad de México
1	4269	L	Décimo Tribunal Laboral Federal de asuntos individuales, con sede en la Ciudad de México
1	4270	L	Décimo Primer Tribunal Laboral Federal de asuntos individuales, con sede en la Ciudad de México
1	4271	L	Décimo Segundo Tribunal Laboral Federal de asuntos individuales, con sede en la Ciudad de México
1	4272	L	Décimo Tercero Tribunal Laboral Federal de asuntos individuales, con sede en la Ciudad de México
1	4273	L	Décimo Cuarto Tribunal Laboral Federal de asuntos individuales, con sede en la Ciudad de México
1	4274	L	Décimo Quinto Tribunal Laboral Federal de asuntos individuales, con sede en la Ciudad de México
1	4472	L	Décimo Sexto Tribunal Laboral Federal de asuntos individuales, con sede en la Ciudad de México
1	4473	L	Décimo Séptimo Tribunal Laboral Federal de asuntos individuales, con sede en la Ciudad de México
1	4343	A	Primer Tribunal Colegiado de Apelación en Materia Penal del Primer Circuito
1	4344	A	Segundo Tribunal Colegiado de Apelación en Materia Penal del Primer Circuito
1	4341	A	Primer Tribunal Colegiado de Apelación en Materias Civil, Administrativa y Especializado en Competencia Económica, Radiodifusión y Telecomunicaciones del Primer Circuito
1	4342	A	Segundo Tribunal Colegiado de Apelación en Materias Civil, Administrativa y Especializado en Competencia Económica, Radiodifusión y Telecomunicaciones del Primer Circuito
1	4386	P	Pleno Regional en Materias Administrativa y Civil de la Región Centro-Norte, con residencia en la Ciudad de México.
1	4612	P	Pleno Regional en Materias Administrativa y Civil de la Región Centro-Sur, con residencia en la Ciudad de México.
1	4385	P	Pleno Regional en Materias Penal y de Trabajo de la Región Centro-Norte, con residencia en la Ciudad de México.
1	4392	P	Pleno Regional en Materias Penal y de Trabajo de la Región Centro-Sur, con residencia en la Ciudad de México.
1	4393	P	Pleno Regional Especializado en Competencia Económica, Radiodifusión y Telecomunicaciones
2	665	J	Juzgado Primero de Distrito en Materias de Amparo y Juicios Federales en el Estado de México (28/10/2003- 30/09/2024)
2	666	J	Juzgado Segundo de Distrito en Materias de Amparo y Juicios Federales en el Estado de México (28/10/2003- 30/09/2024)
2	667	J	Juzgado Tercero de Distrito en Materias de Amparo y Juicios Federales en el Estado de México (28/10/2003- 30/09/2024)
2	668	J	Juzgado Cuarto de Distrito en Materias de Amparo y Juicios Federales en el Estado de México (28/10/2003- 30/09/2024)
2	803	J	Juzgado Quinto de Distrito en Materias de Amparo y Juicios Federales en el Estado de México (01/08/2006- 30/09/2024)
2	2411	J	Juzgado Sexto de Distrito en Materias de Amparo y Juicios Federales en el Estado de México (16/10/2017- 30/09/2024)
2	3449	J	Juzgado Séptimo de Distrito en Materia de Amparo y Juicios Federales en el Estado de México (01/10/2018- 30/09/2024)
2	3874	J	Juzgado Octavo de Distrito en Materias de Amparo y Juicios Federales en el Estado de México (16/10/2019- 30/09/2024)
2	3875	J	Juzgado Noveno de Distrito en Materias de Amparo y Juicios Federales en el Estado de México (16/10/2019- 30/09/2024)
2	100	J	Juzgado Primero de Distrito en el Estado de México
2	107	J	Juzgado Segundo de Distrito en el Estado de México
2	111	J	Juzgado Tercero de Distrito en el Estado de México
2	942	J	Juzgado Cuarto de Distrito en el Estado de México
2	691	J	Juzgado Quinto de Distrito en el Estado de México
2	115	J	Juzgado Sexto de Distrito en el Estado de México
2	116	J	Juzgado Séptimo de Distrito en el Estado de México
2	690	J	Juzgado Octavo de Distrito en el Estado de México
2	673	J	Juzgado Noveno de Distrito en el Estado de México
2	943	J	Juzgado Décimo de Distrito en el Estado de México
2	940	J	Juzgado Decimoprimero de Distrito en el Estado de México
2	1014	J	Juzgado Decimosegundo de Distrito en el Estado de México
2	1269	J	Juzgado Decimotercero de Distrito en el Estado de México
2	1270	J	Juzgado Decimocuarto de Distrito en el Estado de México
2	3835	J	Juzgado Decimoquinto de Distrito en el Estado de México, con residencia en Naucalpan de Juárez
2	3836	J	Juzgado Decimosexto de Distrito en el Estado de México, con residencia en Naucalpan de Juárez
2	4137	J	Juzgado Decimoséptimo de Distrito en el Estado de México, con residencia en Nezahualcóyotl
2	5848	J	Juzgado Primero de Distrito en Materia Penal en el Estado de México, con residencia en Toluca
2	5849	J	Juzgado Segundo de Distrito en Materia Penal en el Estado de México, con residencia en Toluca
2	5850	J	Juzgado Tercero de Distrito en Materia Penal en el Estado de México, con residencia en Toluca
2	5851	J	Juzgado Cuarto de Distrito en Materia Penal en el Estado de México, con residencia en Toluca
2	659	J	Juzgado Primero de Distrito de Procesos Penales Federales en el Estado de México (28/10/2003- 30/09/2024)
2	660	J	Juzgado Segundo de Distrito de Procesos Penales Federales en el Estado de México (28/10/2003- 30/09/2024)
2	661	J	Juzgado Tercero de Distrito de Procesos Penales Federales en el Estado de México (28/10/2003- 30/09/2024)
2	663	J	Juzgado Quinto de Distrito de Procesos Penales Federales en el Estado de México (28/10/2003- 30/09/2024)
2	2741	J	Juzgado de Distrito en Materia Mercantil Federal en el Estado de México, con residencia en Naucalpan de Juárez
2	3824	J	Juzgado de Distrito en Materia Mercantil Federal en el Estado de México, con residencia en Toluca
2	5839	J	Juzgado Primero de Distrito en Materias Administrativa, Civil y de Trabajo en el Estado de México, con residencia en Toluca
2	5840	J	Juzgado Segundo de Distrito en Materias Administrativa, Civil y de Trabajo en el Estado de México, con residencia en Toluca
2	5841	J	Juzgado Tercero de Distrito en Materias Administrativa, Civil y de Trabajo en el Estado de México, con residencia en Toluca
2	5842	J	Juzgado Cuarto de Distrito en Materias Administrativa, Civil y de Trabajo en el Estado de México, con residencia en Toluca
2	5843	J	Juzgado Quinto de Distrito en Materias Administrativa, Civil y de Trabajo en el Estado de México, con residencia en Toluca
2	5844	J	Juzgado Sexto de Distrito en Materias Administrativa, Civil y de Trabajo en el Estado de México, con residencia en Toluca
2	5845	J	Juzgado Séptimo de Distrito en Materias Administrativa, Civil y de Trabajo en el Estado de México, con residencia en Toluca
2	5846	J	Juzgado Octavo de Distrito en Materias Administrativa, Civil y de Trabajo en el Estado de México, con residencia en Toluca
2	5847	J	Juzgado Noveno de Distrito en Materias Administrativa, Civil y de Trabajo en el Estado de México, con residencia en Toluca
2	94	C	Primer Tribunal Colegiado en Materia Administrativa del Segundo Circuito
2	102	C	Segundo Tribunal Colegiado en Materia Administrativa del Segundo Circuito
2	428	C	Tercer Tribunal Colegiado en Materia Administrativa del Segundo Circuito
2	1085	C	Cuarto Tribunal Colegiado en Materia Administrativa del Segundo Circuito
2	95	C	Primer Tribunal Colegiado en Materia Civil del Segundo Circuito
2	103	C	Segundo Tribunal Colegiado en Materia Civil del Segundo Circuito
2	109	C	Tercer Tribunal Colegiado en Materia Civil del Segundo Circuito
2	426	C	Cuarto Tribunal Colegiado en Materia Civil del Segundo Circuito
2	96	C	Primer Tribunal Colegiado en Materia de Trabajo del Segundo Circuito
2	1103	C	Segundo Tribunal Colegiado en Materia de Trabajo del Segundo Circuito
2	4408	C	Tercer Tribunal Colegiado en Materia de Trabajo del Segundo Circuito
2	1150	C	Primer Tribunal Colegiado del Segundo Circuito, con residencia en Nezahualcóyotl, Estado de México
2	1271	C	Segundo Tribunal Colegiado del Segundo Circuito, con residencia en Nezahualcóyotl, Estado de México
2	97	C	Primer Tribunal Colegiado en Materia Penal del Segundo Circuito
2	104	C	Segundo Tribunal Colegiado en Materia Penal del Segundo Circuito
2	706	C	Tercer Tribunal Colegiado en Materia Penal del Segundo Circuito
2	794	C	Cuarto Tribunal Colegiado en Materia Penal del Segundo Circuito
2	3988	L	Tribunal Laboral Federal de asuntos individuales en el Estado de México, con sede en Toluca
2	3989	L	Tribunal Laboral Federal de asuntos individuales en el Estado de México, con sede en Naucalpan
2	4444	L	Primer Tribunal Laboral Federal de asuntos individuales en el Estado de México, con sede en Toluca
2	4445	L	Segundo Tribunal Laboral Federal de asuntos individuales en el Estado de México, con sede en Toluca
2	4446	L	Tercer Tribunal Laboral Federal de asuntos individuales en el Estado de México, con sede en Toluca
2	4589	L	Cuarto Tribunal Laboral Federal de asuntos individuales en el Estado de México, con sede en Naucalpan
2	4590	L	Quinto Tribunal Laboral Federal de asuntos individuales en el Estado de México, con sede en Naucalpan
2	4591	L	Sexto Tribunal Laboral Federal de asuntos individuales en el Estado de México, con sede en Naucalpan
2	4592	L	Séptimo Tribunal Laboral Federal de asuntos individuales en el Estado de México, con sede en Naucalpan
2	4593	L	Octavo Tribunal Laboral Federal de asuntos individuales en el Estado de México, con sede en Naucalpan
2	4594	L	Noveno Tribunal Laboral Federal de asuntos individuales en el Estado de México, con sede en Naucalpan
2	4595	L	Décimo Tribunal Laboral Federal de asuntos individuales en el Estado de México, con sede en Naucalpan
2	5604	L	Décimo Primer Tribunal Laboral Federal de asuntos individuales en el Estado de México, con sede en Naucalpan
2	4345	A	Primer Tribunal Colegiado de Apelación del Segundo Circuito, con residencia en Toluca
2	4347	A	Tribunal Colegiado de Apelación del Segundo Circuito, con residencia en Nezahualcóyotl
2	4346	A	Segundo Tribunal Colegiado de Apelación del Segundo Circuito, con residencia en Toluca
2	4387	P	Pleno Regional en Materia Civil de la Región Centro-Norte, con residencia en la Ciudad de México (16/01/2023-15/01/2024)
2	4386	P	Pleno Regional en Materias Administrativa y Civil de la Región Centro-Norte, con residencia en la Ciudad de México.
2	4388	P	Pleno Regional en Materia de Trabajo de la Región Centro-Norte, con residencia en Monterrey, Nuevo León (16/01/2023-15/01/2024)
2	4385	P	Pleno Regional en Materias Penal y de Trabajo de la Región Centro-Norte, con residencia en la Ciudad de México.
3	5741	J	Juzgado Primero de Distrito en Materia Administrativa en el Estado de Jalisco, con residencia en Zapopan
3	5742	J	Juzgado Segundo de Distrito en Materia Administrativa en el Estado de Jalisco, con residencia en Zapopan
3	5743	J	Juzgado Tercero de Distrito en Materia Administrativa en el Estado de Jalisco, con residencia en Zapopan
3	5744	J	Juzgado Cuarto de Distrito en Materia Administrativa en el Estado de Jalisco, con residencia en Zapopan
3	5745	J	Juzgado Quinto de Distrito en Materia Administrativa en el Estado de Jalisco, con residencia en Zapopan
3	5746	J	Juzgado Sexto de Distrito en Materia Administrativa en el Estado de Jalisco, con residencia en Zapopan
3	5747	J	Juzgado Séptimo de Distrito en Materia Administrativa en el Estado de Jalisco, con residencia en Zapopan
3	5748	J	Juzgado Octavo de Distrito en Materia Administrativa en el Estado de Jalisco, con residencia en Zapopan
3	1234	J	Juzgado Cuarto de Distrito de Amparo en Materia Penal en el Estado de Jalisco, con residencia en Zapopan (16/10/2012 - 01/09/2024)
3	1312	J	Juzgado Quinto de Distrito de Amparo en Materia Penal en el Estado de Jalisco, con residencia en Puente Grande (16/10/2019 - 01/09/2024)
3	1313	J	Juzgado Sexto de Distrito de Amparo en Materia Penal en el Estado de Jalisco, con residencia en Puente Grande (16/10/2019 - 01/09/2024)
3	147	J	Juzgado Primero de Distrito de Amparo en Materia Penal en el Estado de Jalisco, con residencia en Zapopan(02/04/2001 - 01/09/2024)
3	148	J	Juzgado Segundo de Distrito de Amparo en Materia Penal en el Estado de Jalisco, con residencia en Zapopan (16/10/2012 - 01/09/2024)
3	1667	J	Juzgado Séptimo de Distrito de Amparo en Materia Penal en el Estado de Jalisco, con residencia en Puente Grande (16/10/2019 - 01/09/2024)
3	1233	J	Juzgado Tercero de Distrito de Amparo en Materia Penal en el Estado de Jalisco, con residencia en Zapopan(16/10/2012 - 01/09/2024)
3	2745	J	Juzgado Octavo de Distrito de Amparo en Materia Penal en el Estado de Jalisco, con residencia en Puente Grande(02/04/2001 - 01/09/2024)
3	3825	J	Juzgado Noveno de Distrito de Amparo en Materia Penal en el Estado de Jalisco, con residencia en Puente Grande (12/11/2018 - 01/09/2024)
3	5749	J	Juzgado Primero de Distrito en Materia Civil en el Estado de Jalisco, con residencia en Zapopan
3	5750	J	Juzgado Segundo de Distrito en Materia Civil en el Estado de Jalisco, con residencia en Zapopan
3	5751	J	Juzgado Tercero de Distrito en Materia Civil en el Estado de Jalisco, con residencia en Zapopan
3	5752	J	Juzgado Cuarto de Distrito en Materia Civil en el Estado de Jalisco, con residencia en Zapopan
3	5753	J	Juzgado Quinto de Distrito en Materia Civil en el Estado de Jalisco, con residencia en Zapopan
3	5754	J	Juzgado Sexto de Distrito en Materia Civil en el Estado de Jalisco, con residencia en Zapopan
3	5755	J	Juzgado Séptimo de Distrito en Materia Civil en el Estado de Jalisco, con residencia en Zapopan
3	5756	J	Juzgado Octavo de Distrito en Materia Civil en el Estado de Jalisco, con residencia en Zapopan
3	5757	J	Juzgado Primero de Distrito en Materia de Trabajo en el Estado de Jalisco, con residencia en Zapopan
3	5758	J	Juzgado Segundo de Distrito en Materia de Trabajo en el Estado de Jalisco, con residencia en Zapopan
3	5759	J	Juzgado Tercero de Distrito en Materia de Trabajo en el Estado de Jalisco, con residencia en Zapopan
3	5760	J	Juzgado Cuarto de Distrito en Materia de Trabajo en el Estado de Jalisco, con residencia en Zapopan
3	5761	J	Juzgado Quinto de Distrito en Materia de Trabajo en el Estado de Jalisco, con residencia en Zapopan
3	5762	J	Juzgado Sexto de Distrito en Materia de Trabajo en el Estado de Jalisco, con residencia en Zapopan
3	5763	J	Juzgado Séptimo de Distrito en Materia de Trabajo en el Estado de Jalisco, con residencia en Zapopan
3	5764	J	Juzgado Octavo de Distrito en Materia de Trabajo en el Estado de Jalisco, con residencia en Zapopan
3	5765	J	Juzgado Primero de Distrito en Materia Penal en el Estado de Jalisco, con residencia en Puente Grande
3	5766	J	Juzgado Segundo de Distrito en Materia Penal en el Estado de Jalisco, con residencia en Puente Grande
3	5767	J	Juzgado Tercero de Distrito en Materia Penal en el Estado de Jalisco, con residencia en Puente Grande
3	5768	J	Juzgado Cuarto de Distrito en Materia Penal en el Estado de Jalisco, con residencia en Puente Grande
3	5769	J	Juzgado Quinto de Distrito en Materia Penal en el Estado de Jalisco, con residencia en Puente Grande
3	5770	J	Juzgado Sexto de Distrito en Materia Penal en el Estado de Jalisco, con residencia en Puente Grande
3	5771	J	Juzgado Séptimo de Distrito en Materia Penal en el Estado de Jalisco, con residencia en Puente Grande
3	1224	J	Juzgado Primero de Distrito de Procesos Penales Federales en el Estado de Jalisco, con residencia en Puente Grande, Municipio de Juanacatlán (16/10/2012 - 01/09/2024)
3	1226	J	Juzgado Tercero de Distrito de Procesos Penales Federales en el Estado de Jalisco, con residencia en Puente Grande, Municipio de Juanacatlán (16/10/2012 - 01/09/2024)
3	1227	J	Juzgado Cuarto de Distrito de Procesos Penales Federales en el Estado de Jalisco, con residencia en Puente Grande, Municipio de Juanacatlán (16/10/2012 - 01/09/2024)
3	1287	J	Juzgado Primero de Distrito en Materia Mercantil Federal en el Estado de Jalisco, Especializado en Juicios Orales, con sede en Zapopan
3	2742	J	Juzgado Segundo de Distrito en Materia Mercantil Federal en el Estado de Jalisco, Especializado en Juicios Orales, con sede en Zapopan
3	142	J	Juzgado Decimotercero de Distrito en Materias Administrativa, Civil y de Trabajo en el Estado de Jalisco, con residencia en Zapopan. (02/04/2001 - 01/09/2024)
3	694	J	Juzgado Primero de Distrito en Materias Administrativa, Civil y de Trabajo en el Estado de Jalisco, con residencia en Zapopan.(29/03/2004 - 01/09/2024)
3	1300	J	Juzgado Séptimo de Distrito en Materias Administrativa, Civil y de Trabajo en el Estado de Jalisco, con residencia en Zapopan. (01/09/2013 - 01/09/2024)
3	513	J	Juzgado Segundo de Distrito en Materias Administrativa, Civil y de Trabajo en el Estado de Jalisco, con residencia en Zapopan.(05/11/2001 - 01/09/2024)
3	681	J	Juzgado Decimocuarto de Distrito en Materias Administrativa, Civil y de Trabajo en el Estado de Jalisco, con residencia en Zapopan. (01/03/2004 - 01/09/2024)
3	1408	J	Juzgado Octavo de Distrito en Materias Administrativa, Civil y de Trabajo en el Estado de Jalisco, con residencia en Zapopan.(02/04/2001 - 01/09/2024)
3	679	J	Juzgado Tercero de Distrito en Materias Administrativa, Civil y de Trabajo en el Estado de Jalisco, con residencia en Zapopan.(01/03/2004 - 01/09/2024)
3	1187	J	Juzgado Decimoquinto de Distrito en Materias Administrativa, Civil y de Trabajo en el Estado de Jalisco, con residencia en Zapopan. (01/03/2012 - 01/09/2024)
3	2414	J	Juzgado Noveno de Distrito en Materias Administrativa, Civil y de Trabajo en el Estado de Jalisco, con residencia en Zapopan(02/04/2001 - 01/09/2024)
3	692	J	Juzgado Décimo de Distrito en Materias Administrativa, Civil y de Trabajo en el Estado de Jalisco, con residencia en Zapopan.(02/04/2001 - 01/09/2024)
3	695	J	Juzgado Cuarto de Distrito en Materias Administrativa, Civil y de Trabajo en el Estado de Jalisco, con residencia en Zapopan.(29/03/2004 - 01/09/2024)
3	1409	J	Juzgado Decimosexto de Distrito en Materias Administrativa, Civil y de Trabajo en el Estado de Jalisco, con residencia en Zapopan. (01/11/2014 - 01/09/2024)
3	680	J	Juzgado Quinto de Distrito en Materias Administrativa, Civil y de Trabajo en el Estado de Jalisco, con residencia en Zapopan.(01/03/2004 - 01/09/2024)
3	693	J	Juzgado Decimoprimero de Distrito en Materias Administrativa, Civil y de Trabajo en el Estado de Jalisco, con residencia en Zapopan.(02/04/2001 - 01/09/2024)
3	3878	J	Juzgado Decimoséptimo de Distrito en Materias Administrativa, Civil y de Trabajo en el Estado de Jalisco, con residencia en Zapopan (16/10/2019 - 01/09/2024)
3	139	J	Juzgado Decimosegundo de Distrito en Materias Administrativa, Civil y de Trabajo en el Estado de Jalisco, con residencia en Zapopan.(02/04/2001 - 01/09/2024)
3	1250	J	Juzgado Sexto de Distrito en Materias Administrativa, Civil y de Trabajo en el Estado de Jalisco, con residencia en Zapopan.(16/10/2012 - 01/09/2024)
3	3879	J	Juzgado Decimoctavo de Distrito en Materias Administrativa, Civil y de Trabajo en el Estado de Jalisco, con residencia en Zapopan (16/10/2019 - 01/09/2024)
3	3880	J	Juzgado Decimonoveno de Distrito en Materias Administrativa, Civil y de Trabajo en el Estado de Jalisco, con residencia en Zapopan(16/10/2019 - 01/09/2024)
3	118	C	Primer Tribunal Colegiado en Materia Administrativa del Tercer Circuito
3	127	C	Segundo Tribunal Colegiado en Materia Administrativa del Tercer Circuito
3	473	C	Tercer Tribunal Colegiado en Materia Administrativa del Tercer Circuito
3	795	C	Cuarto Tribunal Colegiado en Materia Administrativa del Tercer Circuito
3	1386	C	Quinto Tribunal Colegiado en Materia Administrativa del Tercer Circuito
3	1886	C	Sexto Tribunal Colegiado en Materia Administrativa del Tercer Circuito
3	1887	C	Séptimo Tribunal Colegiado en Materia Administrativa del Tercer Circuito
3	119	C	Primer Tribunal Colegiado en Materia Civil del Tercer Circuito
3	128	C	Segundo Tribunal Colegiado en Materia Civil del Tercer Circuito
3	136	C	Tercer Tribunal Colegiado en Materia Civil del Tercer Circuito
3	141	C	Cuarto Tribunal Colegiado en Materia Civil del Tercer Circuito
3	475	C	Quinto Tribunal Colegiado en Materia Civil del Tercer Circuito
3	2885	C	Sexto Tribunal Colegiado en Materia Civil del Tercer Circuito, con residencia en Zapopan
3	120	C	Primer Tribunal Colegiado en Materia de Trabajo del Tercer Circuito
3	129	C	Segundo Tribunal Colegiado en Materia de Trabajo del Tercer Circuito
3	1241	C	Tercer Tribunal Colegiado en Materia de Trabajo del Tercer Circuito
3	1257	C	Cuarto Tribunal Colegiado en Materia de Trabajo del Tercer Circuito, con residencia en Zapopan, Jalisco
3	1888	C	Quinto Tribunal Colegiado en Materia de Trabajo del Tercer Circuito, con residencia en Zapopan, Jalisco
3	3997	C	Sexto Tribunal Colegiado en Materia de Trabajo del Tercer Circuito, con residencia en Zapopan, Jalisco
3	121	C	Primer Tribunal Colegiado en Materia Penal del Tercer Circuito
3	130	C	Segundo Tribunal Colegiado en Materia Penal del Tercer Circuito
3	1258	C	Tercer Tribunal Colegiado en Materia Penal del Tercer Circuito, con residencia en Zapopan, Jalisco
3	3458	C	Cuarto Tribunal Colegiado en Materia Penal del Tercer Circuito, con residencia en Zapopan
3	4285	L	Primer Tribunal Laboral Federal de asuntos individuales en el Estado de Jalisco, con sede en Zapopan
3	4286	L	Segundo Tribunal Laboral Federal de asuntos individuales en el Estado de Jalisco, con sede en Zapopan
3	4287	L	Tercer Tribunal Laboral Federal de asuntos individuales en el Estado de Jalisco, con sede en Zapopan
3	4288	L	Cuarto Tribunal Laboral Federal de asuntos individuales en el Estado de Jalisco, con sede en Zapopan
3	4289	L	Quinto Tribunal Laboral Federal de asuntos individuales en el Estado de Jalisco, con sede en Zapopan
3	4290	L	Sexto Tribunal Laboral Federal de asuntos individuales en el Estado de Jalisco, con sede en Zapopan
3	4291	L	Séptimo Tribunal Laboral Federal de asuntos individuales en el Estado de Jalisco, con sede en Zapopan
3	4292	L	Octavo Tribunal Laboral Federal de asuntos individuales en el Estado de Jalisco, con sede en Zapopan
3	4348	A	Primer Tribunal Colegiado de Apelación del Tercer Circuito, con residencia en Zapopan, Jalisco
3	4396	A	Segundo Tribunal Colegiado de Apelación del Tercer Circuito, con residencia en Zapopan, Jalisco
3	4390	P	Pleno Regional en Materia Administrativa de la Región Centro-Sur, con residencia en Cuernavaca, Morelos (16/01/2023-15/01/2024)
3	4391	P	Pleno Regional en Materia Civil de la Región Centro-Sur, con residencia en Guadalajara, Jalisco (16/01/2023-15/01/2024)
3	4612	P	Pleno Regional en Materias Administrativa y Civil de la Región Centro-Sur, con residencia en la Ciudad de México.
3	4389	P	Pleno Regional en Materia Penal de la Región Centro-Sur, con residencia en San Andrés Cholula, Puebla (16/01/2023-15/01/2024)
3	4392	P	Pleno Regional en Materias Penal y de Trabajo de la Región Centro-Sur, con residencia en la Ciudad de México.
4	562	J	Juzgado Primero de Distrito en Materia Administrativa en el Estado de Nuevo León
4	698	J	Juzgado Segundo de Distrito en Materia Administrativa en el estado de Nuevo León
4	2425	J	Juzgado Tercero de Distrito en Materia Administrativa en el Estado de Nuevo León
4	4236	J	Juzgado Cuarto de Distrito en Materia Administrativa en el Estado de Nuevo León
4	558	J	Juzgado Primero de Distrito en Materia Penal en el Estado de Nuevo León
4	559	J	Juzgado Segundo de Distrito en Materia Penal en el Estado de Nuevo León
4	561	J	Juzgado Cuarto de Distrito en Materia Penal en el Estado de Nuevo León
4	682	J	Juzgado Quinto de Distrito en Materia Penal en el Estado de Nuevo León
4	1082	J	Juzgado Sexto de Distrito en Materia Penal en el Estado de Nuevo León
4	696	J	Juzgado Primero de Distrito en Materia Civil y de Trabajo en el Estado de Nuevo León
4	697	J	Juzgado Segundo de Distrito en Materia Civil y de Trabajo en el Estado de Nuevo León
4	569	J	Juzgado Tercero de Distrito en Materias Civil y de Trabajo en el Estado de Nuevo León
4	683	J	Juzgado Cuarto de Distrito en Materias Civil y de Trabajo en el Estado de Nuevo León
4	1268	J	Juzgado Quinto de Distrito en Materia Civil y de Trabajo en el Estado de Nuevo León, con residencia en Monterrey
4	4565	J	Juzgado Sexto de Distrito en Materias Civil y de Trabajo en el Estado de Nuevo León, con residencia en Monterrey
4	4564	J	Juzgado de Distrito en Materia Mercantil Federal en el Estado de Nuevo León, con residencia en Monterrey
4	149	C	Primer Tribunal Colegiado en Materia Administrativa del Cuarto Circuito
4	155	C	Segundo Tribunal Colegiado en Materia Administrativa del Cuarto Circuito
4	647	C	Tercer Tribunal Colegiado en Materia Administrativa del Cuarto Circuito
4	150	C	Primer Tribunal Colegiado en Materia Civil del Cuarto Circuito
4	156	C	Segundo Tribunal Colegiado en Materia Civil del Cuarto Circuito
4	506	C	Tercer Tribunal Colegiado en Materia Civil del Cuarto Circuito
4	151	C	Primer Tribunal Colegiado en Materia de Trabajo del Cuarto Circuito
4	157	C	Segundo Tribunal Colegiado en Materia de Trabajo del Cuarto Circuito
4	160	C	Tercer Tribunal Colegiado en Materia de Trabajo del Cuarto Circuito
4	1366	C	Cuarto Tribunal Colegiado en Materia de Trabajo del Cuarto Circuito
4	4093	C	Quinto Tribunal Colegiado en Materia de Trabajo del Cuarto Circuito
4	152	C	Primer Tribunal Colegiado en Materia Penal del Cuarto Circuito
4	507	C	Segundo Tribunal Colegiado en Materia Penal del Cuarto Circuito
4	4296	L	Primer Tribunal Laboral Federal de asuntos individuales en el Estado de Nuevo León, con sede en Monterrey
4	4297	L	Segundo Tribunal Laboral Federal de asuntos individuales en el Estado de Nuevo León, con sede en Monterrey
4	4298	L	Tercer Tribunal Laboral Federal de asuntos individuales en el Estado de Nuevo León, con sede en Monterrey
4	4299	L	Cuarto Tribunal Laboral Federal de asuntos individuales en el Estado de Nuevo León, con sede en Monterrey
4	4300	L	Quinto Tribunal Laboral Federal de asuntos individuales en el Estado de Nuevo León, con sede en Monterrey
4	4301	L	Sexto Tribunal Laboral Federal de asuntos individuales en el Estado de Nuevo León, con sede en Monterrey
4	4302	L	Séptimo Tribunal Laboral Federal de asuntos individuales en el Estado de Nuevo León, con sede en Monterrey
4	4303	L	Octavo Tribunal Laboral Federal de asuntos individuales en el Estado de Nuevo León, con sede en Monterrey
4	4304	L	Noveno Tribunal Laboral Federal de asuntos individuales en el Estado de Nuevo León, con sede en Monterrey
4	4305	L	Décimo Tribunal Laboral Federal de asuntos individuales en el Estado de Nuevo León, con sede en Monterrey
4	4349	A	Tribunal Colegiado de Apelación del Cuarto Circuito, con residencia en Monterrey, Nuevo León
4	4387	P	Pleno Regional en Materia Civil de la Región Centro-Norte, con residencia en la Ciudad de México (16/01/2023-15/01/2024)
4	4386	P	Pleno Regional en Materias Administrativa y Civil de la Región Centro-Norte, con residencia en la Ciudad de México.
4	4612	P	Pleno Regional en Materias Administrativa y Civil de la Región Centro-Sur, con residencia en la Ciudad de México.
4	4388	P	Pleno Regional en Materia de Trabajo de la Región Centro-Norte, con residencia en Monterrey, Nuevo León (16/01/2023-15/01/2024)
4	4385	P	Pleno Regional en Materias Penal y de Trabajo de la Región Centro-Norte, con residencia en la Ciudad de México.
5	168	J	Juzgado Primero de Distrito en el Estado de Sonora
5	171	J	Juzgado Segundo de Distrito en el Estado de Sonora
5	174	J	Juzgado Tercero de Distrito en el Estado de Sonora
5	176	J	Juzgado Cuarto de Distrito en el Estado de Sonora
5	177	J	Juzgado Quinto de Distrito en el Estado de Sonora
5	179	J	Juzgado Séptimo de Distrito en el Estado de Sonora
5	412	J	Juzgado Octavo de Distrito en el Estado de Sonora
5	180	J	Juzgado Noveno de Distrito en el Estado de Sonora
5	181	J	Juzgado Décimo de Distrito en el Estado de Sonora
5	1533	J	Juzgado Decimoprimero de Distrito en el Estado de Sonora
5	1534	J	Juzgado Decimosegundo de Distrito en el Estado de Sonora
5	3851	J	Juzgado Decimotercero de Distrito en el Estado de Sonora
5	4259	J	Juzgado Decimocuarto de Distrito en el Estado de Sonora, con residencia en Hermosillo
5	778	C	Primer Tribunal Colegiado en Materias Civil y de Trabajo del Quinto Circuito
5	779	C	Segundo Tribunal Colegiado en Materias Civil y de Trabajo del Quinto Circuito
5	1441	C	Tercer Tribunal Colegiado en Materias Civil y de Trabajo del Quinto Circuito
5	775	C	Primer Tribunal Colegiado en Materias Penal y Administrativa del Quinto Circuito
5	776	C	Segundo Tribunal Colegiado en Materias Penal y Administrativa del Quinto Circuito
5	777	C	Tercer Tribunal Colegiado en Materias Penal y Administrativa del Quinto Circuito
5	4571	C	Cuarto Tribunal Colegiado en Materias Penal y Administrativa del Quinto Circuito
5	4308	L	Primer Tribunal Laboral Federal de asuntos individuales en el Estado de Sonora, con sede en Hermosillo
5	4309	L	Segundo Tribunal Laboral Federal de asuntos individuales en el Estado de Sonora, con sede en Hermosillo
5	4350	A	Tribunal Colegiado de Apelación del Quinto Circuito, con residencia en Hermosillo
5	4387	P	Pleno Regional en Materia Civil de la Región Centro-Norte, con residencia en la Ciudad de México (16/01/2023-15/01/2024)
5	4386	P	Pleno Regional en Materias Administrativa y Civil de la Región Centro-Norte, con residencia en la Ciudad de México.
5	4388	P	Pleno Regional en Materia de Trabajo de la Región Centro-Norte, con residencia en Monterrey, Nuevo León (16/01/2023-15/01/2024)
5	4385	P	Pleno Regional en Materias Penal y de Trabajo de la Región Centro-Norte, con residencia en la Ciudad de México.
6	1453	J	Juzgado Primero de Distrito en Materia Penal en el Estado de Puebla
6	1455	J	Juzgado Segundo de Distrito en Materia Penal en el Estado de Puebla
6	1456	J	Juzgado Tercero de Distrito en Materia Penal en el Estado de Puebla
6	1457	J	Juzgado Cuarto de Distrito en Materia Penal en el Estado de Puebla
6	1458	J	Juzgado Quinto de Distrito en Materia Penal en el Estado de Puebla
6	1288	-	Juzgado Primero de Distrito del Centro Auxiliar de la Segunda Región, en su carácter de Ordinario
6	1293	-	Juzgado Segundo de Distrito del Centro Auxiliar de la Segunda Región, en su carácter de Ordinario
6	1275	-	Juzgado Tercero de Distrito del Centro Auxiliar de la Segunda Región, en su carácter de Ordinario
6	1277	-	Juzgado Sexto de Distrito del Centro Auxiliar de la Segunda Región, en su carácter de Ordinario
6	1447	J	Juzgado Primero de Distrito en Materia de Amparo Civil, Administrativa y de Trabajo y de Juicios Federales en el Estado de Puebla
6	1448	J	Juzgado Segundo de Distrito en Materia de Amparo Civil, Administrativa y de Trabajo y Juicios Federales en el Estado de Puebla
6	1449	J	Juzgado Tercero de Distrito en Materia de Amparo Civil, Administrativa y de Trabajo y Juicios Federales en el Estado de Puebla
6	1450	J	Juzgado Cuarto de Distrito en Materia de Amparo Civil, Administrativa y de Trabajo y Juicios Federales en el Estado de Puebla
6	1451	J	Juzgado Quinto de Distrito en Materia de Amparo Civil, Administrativa y de Trabajo y Juicios Federales en el Estado de Puebla
6	1452	J	Juzgado Sexto de Distrito en Materia de Amparo Civil, Administrativa y de Trabajo y Juicios Federales en el Estado de Puebla
6	3456	J	Juzgado Séptimo de Distrito en Materia de Amparo Civil, Administrativa y de Trabajo y Juicios Federales en el Estado de Puebla
6	3457	J	Juzgado Octavo de Distrito en Materia de Amparo Civil, Administrativa y de Trabajo y Juicios Federales en el Estado de Puebla
6	3900	J	Juzgado Noveno de Distrito en Materia de Amparo Civil, Administrativo y de Trabajo y de Juicios Federales en el Estado de Puebla
6	4422	J	Juzgado Décimo de Distrito en Materia de Amparo Civil, Administrativa y de Trabajo y Juicios Federales en el Estado de Puebla
6	1238	J	Juzgado Primero de Distrito en Materia Mercantil Federal en el Estado de Puebla, Especializado en Juicios Orales
6	4420	J	Juzgado Segundo de Distrito en Materia Mercantil Federal en el Estado de Puebla, Especializado en Juicios Orales
6	182	C	Primer Tribunal Colegiado en Materia Administrativa del Sexto Circuito
6	188	C	Segundo Tribunal Colegiado en Materia Administrativa del Sexto Circuito
6	193	C	Tercer Tribunal Colegiado en Materia Administrativa del Sexto Circuito
6	183	C	Primer Tribunal Colegiado en Materia Civil del Sexto Circuito
6	189	C	Segundo Tribunal Colegiado en Materia Civil del Sexto Circuito
6	194	C	Tercer Tribunal Colegiado en Materia Civil del Sexto Circuito
6	184	C	Primer Tribunal Colegiado en Materia de Trabajo del Sexto Circuito
6	1332	C	Segundo Tribunal Colegiado en Materia de Trabajo del Sexto Circuito, con residencia en Puebla, Puebla
6	1294	C	Primer Tribunal Colegiado de Circuito del Centro Auxiliar de la Segunda Región, en su carácter de Ordinario (-)
6	1295	C	Segundo Tribunal Colegiado de Circuito del Centro Auxiliar de la Segunda Región, en su carácter de Ordinario (-)
6	185	C	Primer Tribunal Colegiado en Materia Penal del Sexto Circuito
6	191	C	Segundo Tribunal Colegiado en Materia Penal del Sexto Circuito
6	1335	C	Tercer Tribunal Colegiado en Materia Penal del Sexto Circuito, con residencia en San Andrés Cholula, Puebla
6	4106	L	Primer Tribunal Laboral Federal de asuntos individuales en el Estado de Puebla, con sede en Puebla
6	4107	L	Segundo Tribunal Laboral Federal de asuntos individuales en el Estado de Puebla, con sede en Puebla
6	4108	L	Tercer Tribunal Laboral Federal de asuntos individuales en el Estado de Puebla, con sede en Puebla
6	4109	L	Cuarto Tribunal Laboral Federal de asuntos Individuales en el Estado de Puebla, con sede en Puebla
6	4351	A	Tribunal Colegiado de Apelación del Sexto Circuito, con residencia en San Andrés Cholula
6	4390	P	Pleno Regional en Materia Administrativa de la Región Centro-Sur, con residencia en Cuernavaca, Morelos (16/01/2023-15/01/2024)
6	4391	P	Pleno Regional en Materia Civil de la Región Centro-Sur, con residencia en Guadalajara, Jalisco (16/01/2023-15/01/2024)
6	4612	P	Pleno Regional en Materias Administrativa y Civil de la Región Centro-Sur, con residencia en la Ciudad de México.
6	4389	P	Pleno Regional en Materia Penal de la Región Centro-Sur, con residencia en San Andrés Cholula, Puebla (16/01/2023-15/01/2024)
6	4392	P	Pleno Regional en Materias Penal y de Trabajo de la Región Centro-Sur, con residencia en la Ciudad de México.
7	203	J	Juzgado Primero de Distrito en el Estado de Veracruz
7	207	J	Juzgado Segundo de Distrito en el Estado de Veracruz
7	209	J	Juzgado Tercero de Distrito en el Estado de Veracruz
7	210	J	Juzgado Cuarto de Distrito en el Estado de Veracruz
7	211	J	Juzgado Quinto de Distrito en el Estado de Veracruz
7	212	J	Juzgado Sexto de Distrito en el Estado de Veracruz
7	213	J	Juzgado Séptimo de Distrito en el Estado de Veracruz
7	214	J	Juzgado Octavo de Distrito en el Estado de Veracruz
7	585	J	Juzgado Décimo Primero de Distrito en el Estado de Veracruz
7	709	J	Juzgado Décimo Segundo de Distrito en el Estado de Veracruz
7	714	J	Juzgado Décimo Tercero de Distrito en el Estado de Veracruz
7	760	J	Juzgado Decimoquinto de Distrito en el Estado de Veracruz
7	936	J	Juzgado Decimosexto de Distrito en el Estado de Veracruz
7	1314	J	Juzgado Decimoséptimo de Distrito en el Estado de Veracruz, con residencia en Xalapa
7	1571	J	Juzgado Decimoctavo de Distrito en el Estado de Veracruz, con residencia en Xalapa
7	2951	J	Juzgado de Distrito en Materia Mercantil Federal en el Estado de Veracruz, con residencia en Boca del Río
7	3842	J	Juzgado de Distrito en Materia Mercantil Federal en el Estado de Veracruz, con residencia en Xalapa
7	3876	J	Juzgado Primero de Distrito de Procesos Penales Federales y de Amparo en Materia Penal en el Estado de Veracruz, con residencia en Villa Aldama
7	3877	J	Juzgado Segundo de Distrito de Procesos Penales Federales y de Amparo en Materia Penal en el Estado de Veracruz, con residencia en Villa Aldama
7	956	C	Primer Tribunal Colegiado en Materia Administrativa del Séptimo Circuito
7	957	C	Segundo Tribunal Colegiado en Materia Administrativa del Séptimo Circuito
7	200	C	Primer Tribunal Colegiado en Materia Civil del Séptimo Circuito
7	205	C	Segundo Tribunal Colegiado en Materia Civil del Séptimo Circuito
7	1414	C	Primer Tribunal Colegiado en Materia de Trabajo del Séptimo Circuito, con residencia en Xalapa, Veracruz
7	1415	C	Segundo Tribunal Colegiado en Materia de Trabajo del Séptimo Circuito, con residencia en Xalapa, Veracruz
7	1412	C	Primer Tribunal Colegiado en Materia Penal del Séptimo Circuito, con residencia en Boca del Río, Veracruz
7	1413	C	Segundo Tribunal Colegiado en Materia Penal del Séptimo Circuito, con residencia en Boca del Río, Veracruz
7	4123	L	Tercer Tribunal Laboral Federal de asuntos individuales en el Estado de Veracruz, con sede en Boca del Río
7	4121	L	Cuarto Tribunal Laboral Federal de asuntos individuales en el Estado de Veracruz, con sede en Boca del Río
7	4122	L	Quinto Tribunal Laboral Federal de asuntos individuales en el Estado de Veracruz, con sede en Boca del Río
7	4125	L	Sexto Tribunal Laboral Federal de asuntos individuales en el Estado de Veracruz, con sede en Xalapa
7	4126	L	Séptimo Tribunal Laboral Federal de asuntos individuales en el Estado de Veracruz, con sede en Xalapa
7	4128	L	Octavo Tribunal Laboral Federal de asuntos individuales en el Estado de Veracruz, con sede en Xalapa
7	4129	L	Noveno Tribunal Laboral Federal de asuntos individuales en el Estado de Veracruz, con sede en Xalapa
7	4352	A	Tribunal Colegiado de Apelación del Séptimo Circuito, con residencia en Xalapa, Veracruz
7	4390	P	Pleno Regional en Materia Administrativa de la Región Centro-Sur, con residencia en Cuernavaca, Morelos (16/01/2023-15/01/2024)
7	4391	P	Pleno Regional en Materia Civil de la Región Centro-Sur, con residencia en Guadalajara, Jalisco (16/01/2023-15/01/2024)
7	4612	P	Pleno Regional en Materias Administrativa y Civil de la Región Centro-Sur, con residencia en la Ciudad de México.
7	4389	P	Pleno Regional en Materia Penal de la Región Centro-Sur, con residencia en San Andrés Cholula, Puebla (16/01/2023-15/01/2024)
7	4392	P	Pleno Regional en Materias Penal y de Trabajo de la Región Centro-Sur, con residencia en la Ciudad de México.
8	217	J	Juzgado Primero de Distrito en el Estado de Coahuila
8	712	J	Juzgado Primero de Distrito en La Laguna
8	220	J	Juzgado Segundo de Distrito en el Estado de Coahuila
8	931	J	Juzgado Segundo de Distrito en La Laguna
8	222	J	Juzgado Tercero de Distrito en el Estado de Coahuila
8	713	J	Juzgado Tercero de Distrito en La Laguna
8	223	J	Juzgado Cuarto de Distrito en el Estado de Coahuila
8	932	J	Juzgado Cuarto de Distrito en La Laguna
8	1711	J	Juzgado Quinto de Distrito en La Laguna
8	4145	J	Juzgado Quinto de Distrito en el estado de Coahuila de Zaragoza, con residencia en Saltillo
8	1712	J	Juzgado Sexto de Distrito en La Laguna
8	3861	J	Juzgado Séptimo de Distrito en La Laguna, con residencia en Torreón
8	3822	J	Juzgado de Distrito en Materia Mercantil Federal en la Laguna, con residencia en Torreón, Coahuila de Zaragoza
8	1147	C	Tribunal Colegiado en Materias Administrativa y Civil del Octavo Circuito
8	1144	C	Primer Tribunal Colegiado en Materias Civil y de Trabajo del Octavo Circuito
8	1331	C	Segundo Tribunal Colegiado en Materias Civil y de Trabajo del Octavo Circuito, con residencia en Torreón, Coah.
8	4575	C	Tercer Tribunal Colegiado en Materias Civil y de Trabajo del Octavo Circuito, con residencia en Torreón, Coahuila de Zaragoza
8	1143	C	Primer Tribunal Colegiado en Materias Penal y Administrativa del Octavo Circuito
8	1145	C	Segundo Tribunal Colegiado en Materias Penal y Administrativa del Octavo Circuito
8	2954	C	Tercer Tribunal Colegiado en Materias Penal y Administrativa del Octavo Circuito
8	1146	C	Tribunal Colegiado en Materias Penal y de Trabajo del Octavo Circuito
8	4275	L	Primer Tribunal Laboral Federal de asuntos individuales en el Estado de Coahuila, con sede en Saltillo
8	4276	L	Segundo Tribunal Laboral Federal de asuntos individuales en el Estado de Coahuila, con sede en Saltillo
8	4277	L	Tercer Tribunal Laboral Federal de asuntos individuales en el Estado de Coahuila, con sede en Saltillo
8	4278	L	Cuarto Tribunal Laboral Federal de asuntos individuales en el Estado de Coahuila, con sede en Saltillo
8	4279	L	Quinto Tribunal Laboral Federal de asuntos individuales en el Estado de Coahuila, con sede en Torreón
8	4280	L	Sexto Tribunal Laboral Federal de asuntos individuales en el Estado de Coahuila, con sede en Torreón
8	4281	L	Séptimo Tribunal Laboral Federal de asuntos individuales en el Estado de Coahuila, con sede en Torreón
8	4353	A	Tribunal Colegiado de Apelación del Octavo Circuito, con residencia en Torreón
8	4387	P	Pleno Regional en Materia Civil de la Región Centro-Norte, con residencia en la Ciudad de México (16/01/2023-15/01/2024)
8	4386	P	Pleno Regional en Materias Administrativa y Civil de la Región Centro-Norte, con residencia en la Ciudad de México.
8	4388	P	Pleno Regional en Materia de Trabajo de la Región Centro-Norte, con residencia en Monterrey, Nuevo León (16/01/2023-15/01/2024)
8	4385	P	Pleno Regional en Materias Penal y de Trabajo de la Región Centro-Norte, con residencia en la Ciudad de México.
9	226	J	Juzgado Primero de Distrito en el Estado de San Luis Potosí
9	228	J	Juzgado Segundo de Distrito en el Estado de San Luis Potosí
9	229	J	Juzgado Tercero de Distrito en el Estado de San Luis Potosí
9	230	J	Juzgado Cuarto de Distrito en el Estado de San Luis Potosí
9	471	J	Juzgado Quinto de Distrito en el Estado de San Luis Potosí
9	974	J	Juzgado Sexto de Distrito en el Estado de San Luis Potosí
9	1216	J	Juzgado Séptimo de Distrito en el Estado de San Luis Potosí
9	2071	J	Juzgado Octavo de Distrito en el Estado de San Luis Potosí
9	3459	J	Juzgado de Distrito en Materia Mercantil Federal en el Estado de San Luis Potosí
9	1560	C	Primer Tribunal Colegiado en Materias Civil y Administrativa del Noveno Circuito
9	1561	C	Segundo Tribunal Colegiado en Materias Civil y Administrativa del Noveno Circuito
9	1558	C	Tribunal Colegiado en Materia de Trabajo del Noveno Circuito
9	1557	C	Tribunal Colegiado en Materia Penal del Noveno Circuito
9	3985	L	Tribunal Laboral Federal de asuntos individuales en el Estado de San Luis Potosí, con sede en San Luis Potosí
9	4586	L	Primer Tribunal Laboral Federal de asuntos individuales en el Estado de San Luis Potosí, con sede en San Luis Potosí
9	4587	L	Segundo Tribunal Laboral Federal de asuntos individuales en el Estado de San Luis Potosí, con sede en San Luis Potosí
9	4588	L	Tercer Tribunal Laboral Federal de asuntos individuales en el Estado de San Luis Potosí, con sede en San Luis Potosí
9	4354	A	Tribunal Colegiado de Apelación del Noveno Circuito, con residencia en San Luis Potosí, San Luis Potosí
9	4387	P	Pleno Regional en Materia Civil de la Región Centro-Norte, con residencia en la Ciudad de México (16/01/2023-15/01/2024)
9	4386	P	Pleno Regional en Materias Administrativa y Civil de la Región Centro-Norte, con residencia en la Ciudad de México.
9	4388	P	Pleno Regional en Materia de Trabajo de la Región Centro-Norte, con residencia en Monterrey, Nuevo León (16/01/2023-15/01/2024)
9	4385	P	Pleno Regional en Materias Penal y de Trabajo de la Región Centro-Norte, con residencia en la Ciudad de México.
10	233	J	Juzgado Primero de Distrito en el Estado de Tabasco
10	517	J	Juzgado Segundo de Distrito en el Estado de Tabasco
10	238	J	Juzgado Tercero de Distrito en el Estado de Tabasco
10	467	J	Juzgado Cuarto de Distrito en el Estado de Tabasco
10	1421	J	Juzgado Quinto de Distrito en el Estado de Tabasco
10	1422	J	Juzgado Sexto de Distrito en el Estado de Tabasco
10	2886	J	Juzgado Séptimo de Distrito en el Estado de Tabasco
10	4001	J	Juzgado Octavo de Distrito en el Estado de Tabasco
10	239	J	Juzgado Noveno de Distrito en el Estado de Veracruz
10	240	J	Juzgado Décimo de Distrito en el Estado de Veracruz
10	717	J	Juzgado Decimocuarto de Distrito en el Estado de Veracruz
10	2956	J	Juzgado Décimo Noveno de Distrito en el Estado de Veracruz
10	3826	J	Juzgado Primero de Distrito en Materia Mercantil Federal en el Estado de Tabasco
10	4401	J	Juzgado Segundo de Distrito en Materia Mercantil Federal en el Estado de Tabasco
10	5609	J	Juzgado de Distrito en Materia Mercantil Federal en el Estado de Veracruz, con residencia en Coatzacoalcos
10	1064	C	Tribunal Colegiado en Materia Administrativa del Décimo Circuito, con residencia en Villa Hermosa, Tabasco
10	1062	C	Tribunal Colegiado en Materia Civil del Décimo Circuito, con residencia en Villahermosa, Tabasco
10	3852	C	Primer Tribunal Colegiado en Materia de Trabajo del Décimo Circuito, con residencia en Villahermosa, Tabasco
10	3853	C	Segundo Tribunal Colegiado en Materia de Trabajo del Décimo Circuito, con residencia en Villahermosa, Tabasco
10	4426	C	Tercer Tribunal Colegiado en Materia de Trabajo del Décimo Circuito, con residencia en Villahermosa, Tabasco
10	1162	C	Primer Tribunal Colegiado del Décimo Circuito, con residencia en Coatzacoalcos, Veracruz
10	3841	C	Segundo Tribunal Colegiado del Décimo Circuito, con residencia en Coatzacoalcos, Veracruz
10	1063	C	Tribunal Colegiado en Materia Penal del Décimo Circuito, con residencia en Villahermosa, Tabasco
10	3992	L	Tribunal Laboral Federal de asuntos individuales en el Estado de Tabasco, con sede en Villahermosa
10	4118	L	Primer Tribunal Laboral Federal de asuntos individuales en el Estado de Veracruz, con sede en Coatzacoalcos
10	4450	L	Primer Tribunal Laboral Federal de asuntos individuales en el Estado de Tabasco, con sede en Villahermosa
10	4119	L	Segundo Tribunal Laboral Federal de asuntos individuales en el Estado de Veracruz, con sede en Coatzacoalcos
10	4451	L	Segundo Tribunal Laboral Federal de asuntos individuales en el Estado de Tabasco, con sede en Villahermosa
10	4452	L	Tercer Tribunal Laboral Federal de asuntos individuales en el Estado de Tabasco, con sede en Villahermosa
10	4453	L	Cuarto Tribunal Laboral Federal de asuntos individuales en el Estado de Tabasco, con sede en Villahermosa
10	4454	L	Quinto Tribunal Laboral Federal de asuntos individuales en el Estado de Tabasco, con sede en Villahermosa
10	4455	L	Sexto Tribunal Laboral Federal de asuntos individuales en el Estado de Tabasco, con sede en Villahermosa
10	4355	A	Tribunal Colegiado de Apelación del Décimo Circuito, con residencia en Villahermosa, Tabasco
10	4390	P	Pleno Regional en Materia Administrativa de la Región Centro-Sur, con residencia en Cuernavaca, Morelos (16/01/2023-15/01/2024)
10	4391	P	Pleno Regional en Materia Civil de la Región Centro-Sur, con residencia en Guadalajara, Jalisco (16/01/2023-15/01/2024)
10	4612	P	Pleno Regional en Materias Administrativa y Civil de la Región Centro-Sur, con residencia en la Ciudad de México.
10	4389	P	Pleno Regional en Materia Penal de la Región Centro-Sur, con residencia en San Andrés Cholula, Puebla (16/01/2023-15/01/2024)
10	4392	P	Pleno Regional en Materias Penal y de Trabajo de la Región Centro-Sur, con residencia en la Ciudad de México.
11	243	J	Juzgado Primero de Distrito en el Estado de Michoacán
11	246	J	Juzgado Segundo de Distrito en el Estado de Michoacán
11	248	J	Juzgado Tercero de Distrito en el Estado de Michoacán
11	249	J	Juzgado Cuarto de Distrito en el Estado de Michoacán
11	250	J	Juzgado Quinto de Distrito en el Estado de Michoacán
11	251	J	Juzgado Sexto de Distrito en el Estado de Michoacán
11	941	J	Juzgado Séptimo de Distrito en el Estado de Michoacán
11	460	J	Juzgado Octavo de Distrito en el Estado de Michoacán
11	707	J	Juzgado Noveno de Distrito en el Estado de Michoacán
11	4409	J	Juzgado de Distrito en Materia Mercantil Federal en el Estado de Michoacán, con residencia en Morelia
11	1041	C	Primer Tribunal Colegiado en Materias Administrativa y de Trabajo del Decimoprimer Circuito
11	1042	C	Segundo Tribunal Colegiado en Materias Administrativa y de Trabajo del Decimoprimer Circuito
11	2423	C	Tercer Tribunal Colegiado en Materias Administrativa y de Trabajo del Decimoprimer Circuito
11	1040	C	Primer Tribunal Colegiado en Materia Civil del Decimoprimer Circuito
11	1410	C	Segundo Tribunal Colegiado en Materia Civil del Decimoprimer Circuito
11	1043	C	Tribunal Colegiado en Materia Penal del Decimoprimer Circuito
11	4293	L	Primer Tribunal Laboral Federal de asuntos individuales en el Estado de Michoacán, con sede en Morelia
11	4294	L	Segundo Tribunal Laboral Federal de asuntos individuales en el Estado de Michoacán, con sede en Morelia
11	4356	A	Tribunal Colegiado de Apelación del Decimoprimer, Circuito, con residencia en Morelia
11	4390	P	Pleno Regional en Materia Administrativa de la Región Centro-Sur, con residencia en Cuernavaca, Morelos (16/01/2023-15/01/2024)
11	4391	P	Pleno Regional en Materia Civil de la Región Centro-Sur, con residencia en Guadalajara, Jalisco (16/01/2023-15/01/2024)
11	4612	P	Pleno Regional en Materias Administrativa y Civil de la Región Centro-Sur, con residencia en la Ciudad de México.
11	4389	P	Pleno Regional en Materia Penal de la Región Centro-Sur, con residencia en San Andrés Cholula, Puebla (16/01/2023-15/01/2024)
11	4392	P	Pleno Regional en Materias Penal y de Trabajo de la Región Centro-Sur, con residencia en la Ciudad de México.
12	255	J	Juzgado Primero de Distrito en el Estado de Sinaloa
12	258	J	Juzgado Segundo de Distrito en el Estado de Sinaloa
12	261	J	Juzgado Tercero de Distrito en el Estado de Sinaloa
12	263	J	Juzgado Cuarto de Distrito en el Estado de Sinaloa
12	265	J	Juzgado Quinto de Distrito en el Estado de Sinaloa
12	266	J	Juzgado Sexto de Distrito en el Estado de Sinaloa
12	267	J	Juzgado Séptimo de Distrito en el Estado de Sinaloa
12	268	J	Juzgado Octavo de Distrito en el Estado de Sinaloa
12	269	J	Juzgado Noveno de Distrito en el Estado de Sinaloa
12	270	J	Juzgado Décimo de Distrito en el Estado de Sinaloa
12	4144	J	Juzgado de Distrito en Materia Mercantil Federal en el estado de Sinaloa, con residencia en Mazatlán
12	1378	C	Primer Tribunal Colegiado en Materia Administrativa del Decimosegundo Circuito
12	1379	C	Segundo Tribunal Colegiado en Materia Administrativa del Decimosegundo Circuito
12	1380	C	Primer Tribunal Colegiado en Materia Civil del Decimosegundo Circuito
12	4397	C	Segundo Tribunal Colegiado en Materia Civil del Decimosegundo Circuito
12	1381	C	Tribunal Colegiado en Materia de Trabajo del Decimosegundo Circuito
12	4395	C	Tribunal Colegiado en Materia Penal del Décimo Segundo Circuito, con residencia en Culiacán, Sinaloa
12	4306	L	Primer Tribunal Laboral Federal de asuntos individuales en el Estado de Sinaloa, con sede en Culiacán
12	4307	L	Segundo Tribunal Laboral Federal de asuntos individuales en el Estado de Sinaloa, con sede en Culiacán
12	4357	A	Tribunal Colegiado de Apelación del Decimosegundo Circuito, con residencia en Culiacán
12	4387	P	Pleno Regional en Materia Civil de la Región Centro-Norte, con residencia en la Ciudad de México (16/01/2023-15/01/2024)
12	4386	P	Pleno Regional en Materias Administrativa y Civil de la Región Centro-Norte, con residencia en la Ciudad de México.
12	4388	P	Pleno Regional en Materia de Trabajo de la Región Centro-Norte, con residencia en Monterrey, Nuevo León (16/01/2023-15/01/2024)
12	4385	P	Pleno Regional en Materias Penal y de Trabajo de la Región Centro-Norte, con residencia en la Ciudad de México.
13	273	J	Juzgado Primero de Distrito en el Estado de Oaxaca
13	276	J	Juzgado Segundo de Distrito en el Estado de Oaxaca
13	278	J	Juzgado Tercero de Distrito en el Estado de Oaxaca
13	279	J	Juzgado Cuarto de Distrito en el Estado de Oaxaca
13	483	J	Juzgado Quinto de Distrito en el Estado de Oaxaca
13	281	J	Juzgado Sexto de Distrito en el Estado de Oaxaca
13	282	J	Juzgado Séptimo de Distrito en el Estado de Oaxaca
13	466	J	Juzgado Octavo de Distrito en el Estado de Oaxaca
13	1666	J	Juzgado Noveno de Distrito en el Estado de Oaxaca, con residencia en San Bartolo Coyotepec
13	1889	J	Juzgado Décimo de Distrito en el Estado de Oaxaca, con residencia en San Bartolo Coyotepec
13	1890	J	Juzgado Decimoprimero de Distrito en el Estado de Oaxaca, con residencia en San Bartolo Coyotepec
13	3448	J	Juzgado de Distrito en Materia Mercantil Federal en el Estado de Oaxaca
13	1057	C	Primer Tribunal Colegiado en Materias Civil y Administrativa del Décimo Tercer Circuito, con residencia en Oaxaca, Oaxaca
13	3858	C	Segundo Tribunal Colegiado en Materias Civil y Administrativa del Decimotercer Circuito, con residencia en Oaxaca, Oaxaca
13	1058	C	Primer Tribunal Colegiado en Materias Penal y de Trabajo del Decimotercer Circuito, con residencia en San Bartolo Coyotepec, Oaxaca
13	1059	C	Segundo Tribunal Colegiado en Materias Penal y de Trabajo del Decimotercer Circuito, con residencia en San Bartolo Coyotepec, Oaxaca
13	4103	L	Primer Tribunal Laboral Federal de asuntos individuales en el Estado de Oaxaca, con sede en Oaxaca
13	4104	L	Segundo Tribunal Laboral Federal de asuntos individuales en el Estado de Oaxaca, con sede en Oaxaca
13	4358	A	Tribunal Colegiado de Apelación del Decimotercer Circuito, con residencia en San Bartolo Coyotepec
13	4390	P	Pleno Regional en Materia Administrativa de la Región Centro-Sur, con residencia en Cuernavaca, Morelos (16/01/2023-15/01/2024)
13	4391	P	Pleno Regional en Materia Civil de la Región Centro-Sur, con residencia en Guadalajara, Jalisco (16/01/2023-15/01/2024)
13	4612	P	Pleno Regional en Materias Administrativa y Civil de la Región Centro-Sur, con residencia en la Ciudad de México.
13	4389	P	Pleno Regional en Materia Penal de la Región Centro-Sur, con residencia en San Andrés Cholula, Puebla (16/01/2023-15/01/2024)
13	4392	P	Pleno Regional en Materias Penal y de Trabajo de la Región Centro-Sur, con residencia en la Ciudad de México.
14	420	J	Juzgado Primero de Distrito en el Estado de Yucatán
14	422	J	Juzgado Segundo de Distrito en el Estado de Yucatán
14	290	J	Juzgado Tercero de Distrito en el Estado de Yucatán
14	461	J	Juzgado Cuarto de Distrito en el Estado de Yucatán
14	1353	J	Juzgado Quinto de Distrito en el Estado de Yucatán, con residencia en Mérida
14	4403	J	Juzgado Sexto de Distrito en el Estado de Yucatán, con residencia en Mérida
14	3450	J	Juzgado de Distrito en Materia Mercantil Federal en el Estado de Yucatán
14	952	C	Tribunal Colegiado en Materias de Trabajo y Administrativa del Decimocuarto Circuito
14	951	C	Tribunal Colegiado en Materias Civil y Administrativa del Decimocuarto Circuito
14	950	C	Tribunal Colegiado en Materias Penal y Administrativa del Decimocuarto Circuito
14	4315	L	Primer Tribunal Laboral Federal de asuntos individuales en el Estado de Yucatán, con sede en Mérida
14	4316	L	Segundo Tribunal Laboral Federal de asuntos individuales en el Estado de Yucatán, con sede en Mérida
14	4359	A	Tribunal Colegiado de Apelación del Decimocuarto Circuito, con residencia en Mérida, Yucatán
14	4390	P	Pleno Regional en Materia Administrativa de la Región Centro-Sur, con residencia en Cuernavaca, Morelos (16/01/2023-15/01/2024)
14	4391	P	Pleno Regional en Materia Civil de la Región Centro-Sur, con residencia en Guadalajara, Jalisco (16/01/2023-15/01/2024)
14	4612	P	Pleno Regional en Materias Administrativa y Civil de la Región Centro-Sur, con residencia en la Ciudad de México.
14	4389	P	Pleno Regional en Materia Penal de la Región Centro-Sur, con residencia en San Andrés Cholula, Puebla (16/01/2023-15/01/2024)
14	4392	P	Pleno Regional en Materias Penal y de Trabajo de la Región Centro-Sur, con residencia en la Ciudad de México.
15	293	J	Juzgado Primero de Distrito en el Estado de Baja California
15	296	J	Juzgado Segundo de Distrito en el Estado de Baja California
15	510	J	Juzgado Tercero de Distrito en el Estado de Baja California
15	1357	J	Juzgado Cuarto de Distrito en el Estado de Baja California, con residencia en Mexicali
15	1358	J	Juzgado Quinto de Distrito en el Estado de Baja California, con residencia en Mexicali
15	1359	J	Juzgado Sexto de Distrito en el Estado de Baja California, con residencia en Mexicali
15	1360	J	Juzgado Séptimo de Distrito en el Estado de Baja California, con residencia en Ensenada
15	1361	J	Juzgado Octavo de Distrito en el Estado de Baja California, con residencia en Ensenada
15	1343	J	Juzgado Décimo de Distrito en el Estado de Baja California, con residencia en Tijuana
15	1344	J	Juzgado Decimoprimero de Distrito en el Estado de Baja California, con residencia en Tijuana
15	1345	J	Juzgado Decimosegundo de Distrito en el Estado de Baja California, con residencia en Tijuana
15	1351	J	Juzgado Decimotercero de Distrito en el Estado de Baja California, con residencia en Tijuana
15	3460	J	Juzgado Decimocuarto de Distrito en el Estado de Baja California, con residencia en Tijuana
15	3886	J	Juzgado Decimoquinto de Distrito en el Estado de Baja California, con residencia en Tijuana
15	3887	J	Juzgado Decimosexto de Distrito en el Estado de Baja California, con residencia en Tijuana
15	5740	J	Juzgado Decimoséptimo de Distrito en el Estado de Baja California, con residencia en Tijuana
15	3840	J	Juzgado Primero de Distrito en Materia Mercantil Federal en el Estado de Baja California, con residencia en Mexicali
15	4416	J	Juzgado Segundo de Distrito en Materia Mercantil Federal en el Estado de Baja California, con residencia en Mexicali
15	291	C	Primer Tribunal Colegiado del Décimo Quinto Circuito
15	294	C	Segundo Tribunal Colegiado del Décimo Quinto Circuito
15	297	C	Tercer Tribunal Colegiado del Décimo Quinto Circuito
15	703	C	Cuarto Tribunal Colegiado del Décimo Quinto Circuito
15	1009	C	Quinto Tribunal Colegiado del Décimo Quinto Circuito
15	1387	C	Sexto Tribunal Colegiado del Decimoquinto Circuito
15	1673	C	Primer Tribunal Colegiado en Materias Civil y de Trabajo del Decimoquinto Circuito
15	1674	C	Segundo Tribunal Colegiado en Materias Civil y de Trabajo del Decimoquinto Circuito
15	4131	L	Primer Tribunal Laboral Federal de asuntos individuales en el Estado de Baja California, con sede en Ensenada
15	4132	L	Segundo Tribunal Laboral Federal de asuntos individuales en el Estado de Baja California, con sede en Tijuana
15	5603	L	Tercer Tribunal Laboral de Asuntos Individuales en el Estado de Baja California con sede en Tijuana
15	4360	A	Tribunal Colegiado de Apelación del Decimoquinto Circuito, con residencia en Tijuana
15	4387	P	Pleno Regional en Materia Civil de la Región Centro-Norte, con residencia en la Ciudad de México (16/01/2023-15/01/2024)
15	4386	P	Pleno Regional en Materias Administrativa y Civil de la Región Centro-Norte, con residencia en la Ciudad de México.
15	4388	P	Pleno Regional en Materia de Trabajo de la Región Centro-Norte, con residencia en Monterrey, Nuevo León (16/01/2023-15/01/2024)
15	4385	P	Pleno Regional en Materias Penal y de Trabajo de la Región Centro-Norte, con residencia en la Ciudad de México.
16	313	J	Juzgado Primero de Distrito en el Estado de Guanajuato
16	315	J	Juzgado Segundo de Distrito en el Estado de Guanajuato
16	317	J	Juzgado Tercero de Distrito en el Estado de Guanajuato
16	319	J	Juzgado Cuarto de Distrito en el Estado de Guanajuato
16	321	J	Juzgado Quinto de Distrito en el Estado de Guanajuato
16	322	J	Juzgado Sexto de Distrito en el Estado de Guanajuato
16	463	J	Juzgado Séptimo de Distrito en el Estado de Guanajuato
16	1000	J	Juzgado Octavo de Distrito en el Estado de Guanajuato
16	1243	J	Juzgado Noveno de Distrito en el Estado de Guanajuato
16	1245	J	Juzgado Décimo de Distrito en el Estado de Guanajuato
16	1364	J	Juzgado Decimoprimero de Distrito en el Estado de Guanajuato
16	2743	J	Juzgado Decimosegundo de Distrito en el Estado de Guanajuato
16	1320	C	Primer Tribunal Colegiado en Materia Administrativa del Decimosexto Circuito, con residencia en Guanajuato, Gto
16	1321	C	Segundo Tribunal Colegiado en Materia Administrativa del Decimosexto Circuito, con residencia en Guanajuato, Gto
16	1323	C	Primer Tribunal Colegiado en Materia Civil del Decimosexto Circuito, con residencia en Guanajuato, Gto
16	1324	C	Segundo Tribunal Colegiado en Materia Civil del Decimosexto Circuito, con residencia en Guanajuato, Gto
16	1325	C	Tercer Tribunal Colegiado en Materia Civil del Decimosexto Circuito, con residencia en Guanajuato, Gto
16	1326	C	Primer Tribunal Colegiado en Materia de Trabajo del Decimosexto Circuito, con residencia en Guanajuato, Gto
16	1318	C	Segundo Tribunal Colegiado en Materia de Trabajo del Decimosexto Circuito, con residencia en la Ciudad de Guanajuato
16	786	C	Primer Tribunal Colegiado en Materia Penal del Decimosexto Circuito
16	1891	C	Segundo Tribunal Colegiado en Materia Penal del Decimosexto Circuito
16	4096	L	Primer Tribunal Laboral Federal de asuntos individuales en el Estado de Guanajuato, con sede en Guanajuato
16	4097	L	Segundo Tribunal Laboral Federal de asuntos individuales en el Estado de Guanajuato, con sede en Guanajuato
16	4098	L	Tercer Tribunal Laboral Federal de asuntos individuales en el Estado de Guanajuato, con sede en Guanajuato
16	4457	L	Cuarto Tribunal Laboral Federal de asuntos individuales en el Estado de Guanajuato, con sede en Guanajuato
16	4361	A	Tribunal Colegiado de Apelación del Decimosexto Circuito, con residencia en Guanajuato, Guanajuato
16	4387	P	Pleno Regional en Materia Civil de la Región Centro-Norte, con residencia en la Ciudad de México (16/01/2023-15/01/2024)
16	4386	P	Pleno Regional en Materias Administrativa y Civil de la Región Centro-Norte, con residencia en la Ciudad de México.
16	4388	P	Pleno Regional en Materia de Trabajo de la Región Centro-Norte, con residencia en Monterrey, Nuevo León (16/01/2023-15/01/2024)
16	4385	P	Pleno Regional en Materias Penal y de Trabajo de la Región Centro-Norte, con residencia en la Ciudad de México.
17	325	J	Juzgado Primero de Distrito en el Estado de Chihuahua
17	328	J	Juzgado Segundo de Distrito en el Estado de Chihuahua
17	700	J	Juzgado Tercero de Distrito en el Estado de Chihuahua
17	557	J	Juzgado Cuarto de Distrito en el Estado de Chihuahua
17	476	J	Juzgado Quinto de Distrito en el Estado de Chihuahua
17	334	J	Juzgado Sexto de Distrito en el Estado de Chihuahua
17	335	J	Juzgado Séptimo de Distrito en el Estado de Chihuahua
17	653	J	Juzgado Octavo de Distrito en el Estado de Chihuahua
17	654	J	Juzgado Noveno de Distrito en el Estado de Chihuahua
17	761	J	Juzgado Décimo de Distrito en el Estado de Chihuahua
17	2406	J	Juzgado Decimoprimero de Distrito en Estado de Chihuahua
17	3993	J	Juzgado Decimosegundo de Distrito en el Estado de Chihuahua
17	484	C	Primer Tribunal Colegiado del Decimoséptimo Circuito
17	2409	C	Segundo Tribunal Colegiado del Decimoséptimo Circuito
17	648	C	Primer Tribunal Colegiado en Materias Civil y de Trabajo del Decimoséptimo Circuito
17	650	C	Segundo Tribunal Colegiado en Materias Civil y de Trabajo del Decimoséptimo Circuito
17	1362	C	Tercer Tribunal Colegiado en Materias Civil y de Trabajo del Decimoséptimo Circuito
17	649	C	Primer Tribunal Colegiado en Materias Penal y Administrativa del Décimo Séptimo Circuito
17	651	C	Segundo Tribunal Colegiado en Materias Penal y Administrativa del Décimo Séptimo Circuito
17	4282	L	Primer Tribunal Laboral Federal de asuntos individuales en el Estado de Chihuahua, con sede en Chihuahua
17	4283	L	Segundo Tribunal Laboral Federal de asuntos individuales en el Estado de Chihuahua, con sede en Chihuahua
17	4284	L	Tercer Tribunal Laboral Federal de asuntos individuales en el Estado de Chihuahua, con sede en Ciudad Juárez
17	4362	A	Tribunal Colegiado de Apelación del Decimoséptimo Circuito, con residencia en Chihuahua
17	4399	A	Tribunal Colegiado de Apelación del Decimoséptimo Circuito, con residencia en Ciudad Juárez
17	4387	P	Pleno Regional en Materia Civil de la Región Centro-Norte, con residencia en la Ciudad de México (16/01/2023-15/01/2024)
17	4386	P	Pleno Regional en Materias Administrativa y Civil de la Región Centro-Norte, con residencia en la Ciudad de México.
17	4388	P	Pleno Regional en Materia de Trabajo de la Región Centro-Norte, con residencia en Monterrey, Nuevo León (16/01/2023-15/01/2024)
17	4385	P	Pleno Regional en Materias Penal y de Trabajo de la Región Centro-Norte, con residencia en la Ciudad de México.
18	338	J	Juzgado Primero de Distrito en el Estado de Morelos
18	340	J	Juzgado Segundo de Distrito en el Estado de Morelos
18	341	J	Juzgado Tercero de Distrito en el Estado de Morelos
18	342	J	Juzgado Cuarto de Distrito en el Estado de Morelos
18	753	J	Juzgado Quinto de Distrito en el Estado de Morelos
18	1173	J	Juzgado Sexto de Distrito en el Estado de Morelos
18	1253	J	Juzgado Séptimo de Distrito en el Estado de Morelos, con residencia en Cuernavaca
18	1384	J	Juzgado Octavo de Distrito en el Estado de Morelos
18	3837	J	Juzgado Noveno de Distrito en el Estado de Morelos, con residencia en Cuernavaca
18	4147	J	Juzgado Décimo de Distrito en el Estado de Morelos, con residencia en Cuernavaca
18	1579	C	Tribunal Colegiado en Materia Civil del Decimoctavo Circuito, con residencia en Cuernavaca, Morelos
18	1573	C	Primer Tribunal Colegiado en Materia de Trabajo del Decimoctavo Circuito, con Residencia en Cuernavaca Morelos
18	1574	C	Segundo Tribunal Colegiado en Materia de Trabajo del Decimoctavo Circuito, con Residencia en Cuernavaca Morelos
18	1576	C	Primer Tribunal Colegiado en Materias Penal y Administrativa del Decimoctavo Circuito, con Residencia en Cuernavaca Morelos
18	1577	C	Segundo Tribunal Colegiado en Materias Penal y Administrativa del Decimoctavo Circuito, con Residencia en Cuernavaca Morelos
18	2748	C	Tercer Tribunal Colegiado en Materias Penal y Administrativa del Decimoctavo Circuito, con Residencia en Cuernavaca Morelos
18	4100	L	Primer Tribunal Laboral Federal de asuntos individuales en el Estado de Morelos, con sede en Cuernavaca
18	4101	L	Segundo Tribunal Laboral Federal de asuntos individuales en el Estado de Morelos, con sede en Cuernavaca
18	5858	L	Tercer Tribunal Laboral Federal de asuntos individuales en el Estado de Morelos, con sede en Cuernavaca
18	4363	A	Tribunal Colegiado de Apelación del Decimoctavo Circuito, con residencia en Xochitepec, Morelos
18	4390	P	Pleno Regional en Materia Administrativa de la Región Centro-Sur, con residencia en Cuernavaca, Morelos (16/01/2023-15/01/2024)
18	4391	P	Pleno Regional en Materia Civil de la Región Centro-Sur, con residencia en Guadalajara, Jalisco (16/01/2023-15/01/2024)
18	4612	P	Pleno Regional en Materias Administrativa y Civil de la Región Centro-Sur, con residencia en la Ciudad de México.
18	4389	P	Pleno Regional en Materia Penal de la Región Centro-Sur, con residencia en San Andrés Cholula, Puebla (16/01/2023-15/01/2024)
18	4392	P	Pleno Regional en Materias Penal y de Trabajo de la Región Centro-Sur, con residencia en la Ciudad de México.
19	1124	J	Juzgado de Distrito en Materias de Amparo y Juicios Federales en el Estado de Tamaulipas
19	345	J	Juzgado Primero de Distrito en el Estado de Tamaulipas
19	348	J	Juzgado Segundo de Distrito en el Estado de Tamaulipas
19	351	J	Juzgado Tercero de Distrito en el Estado de Tamaulipas
19	519	J	Juzgado Séptimo de Distrito en el Estado de Tamaulipas
19	358	J	Juzgado Octavo de Distrito en el Estado de Tamaulipas
19	359	J	Juzgado Noveno de Distrito en el Estado de Tamaulipas
19	360	J	Juzgado Décimo de Distrito en el Estado de Tamaulipas
19	780	J	Juzgado Décimo Primero de Distrito en el Estado de Tamaulipas
19	1668	J	Juzgado Decimosegundo de Distrito en el Estado de Tamaulipas, con residencia en Ciudad Victoria
19	1669	J	Juzgado Décimo Tercero de Distrito en el Estado de Tamaulipas
19	5610	J	Juzgado Decimocuarto de Distrito en el Estado de Tamaulipas, con residencia en Ciudad Victoria
19	1122	J	Juzgado Primero de Distrito de Procesos Penales Federales en el Estado de Tamaulipas
19	1123	J	Juzgado Segundo de Distrito de Procesos Penales Federales en el Estado de Tamaulipas
19	1376	J	Juzgado Tercero de Distrito de Procesos Penales Federales en el Estado de Tamaulipas
19	744	C	Primer Tribunal Colegiado en Materias Administrativa y Civil del Décimo Noveno Circuito
19	745	C	Segundo Tribunal Colegiado en Materias Administrativa y Civil del Décimo Noveno Circuito
19	508	C	Primer Tribunal Colegiado del Decimonoveno Circuito
19	802	C	Segundo Tribunal Colegiado del Decimonoveno Circuito
19	746	C	Primer Tribunal Colegiado en Materias Penal y de Trabajo del Décimo Noveno Circuito
19	747	C	Segundo Tribunal Colegiado en Materias Penal y de Trabajo del Décimo Noveno Circuito
19	4418	C	Tercer Tribunal Colegiado en Materias Penal y de Trabajo del Décimo Noveno Circuito
19	4310	L	Primer Tribunal Laboral Federal de asuntos individuales en el Estado de Tamaulipas, con sede en Ciudad Victoria
19	4311	L	Segundo Tribunal Laboral Federal de asuntos individuales en el Estado de Tamaulipas, con sede en Tampico
19	4312	L	Tercer Tribunal Laboral Federal de asuntos individuales en el Estado de Tamaulipas, con sede en Tampico
19	4313	L	Cuarto Tribunal Laboral Federal de asuntos individuales en el Estado de Tamaulipas, con sede en Reynosa
19	4314	L	Quinto Tribunal Laboral Federal de asuntos individuales en el Estado de Tamaulipas, con sede en Reynosa
19	4364	A	Tribunal Colegiado de Apelación del Decimonoveno Circuito, con residencia en Matamoros, Tamaulipas
19	4387	P	Pleno Regional en Materia Civil de la Región Centro-Norte, con residencia en la Ciudad de México (16/01/2023-15/01/2024)
19	4386	P	Pleno Regional en Materias Administrativa y Civil de la Región Centro-Norte, con residencia en la Ciudad de México.
19	4388	P	Pleno Regional en Materia de Trabajo de la Región Centro-Norte, con residencia en Monterrey, Nuevo León (16/01/2023-15/01/2024)
19	4385	P	Pleno Regional en Materias Penal y de Trabajo de la Región Centro-Norte, con residencia en la Ciudad de México.
20	1582	J	Juzgado Primero de Distrito de Amparo y Juicios Federales en el Estado de Chiapas, con residencia en Tuxtla Gutiérrez
20	1583	J	Juzgado Segundo de Distrito de Amparo y Juicios Federales en el Estado de Chiapas, con residencia en Tuxtla Gutiérrez
20	1584	J	Juzgado Tercero de Distrito de Amparo y Juicios Federales en el Estado de Chiapas, con residencia en Tuxtla Gutiérrez
20	1585	J	Juzgado Cuarto de Distrito de Amparo y Juicios Federales en el Estado de Chiapas, con residencia en Tuxtla Gutiérrez
20	1586	J	Juzgado Quinto de Distrito de Amparo y Juicios Federales en el Estado de Chiapas, con residencia en Tuxtla Gutiérrez
20	1893	J	Juzgado Sexto de Distrito de Amparo y Juicios Federales en el Estado de Chiapas, con residencia en Tuxtla Gutiérrez
20	1894	J	Juzgado Séptimo de Distrito de Amparo y Juicios Federales en el Estado de Chiapas, con residencia en Tuxtla Gutiérrez
20	1591	J	Juzgado Primero de Distrito en el Estado de Chiapas, con residencia en Tapachula
20	1592	J	Juzgado Segundo de Distrito en el Estado de Chiapas, con residencia en Tapachula
20	3845	J	Juzgado Tercero de Distrito en el Estado de Chiapas, con residencia en Tapachula
20	3998	J	Juzgado Cuarto de Distrito en el Estado de Chiapas, con residencia en Tapachula
20	3850	J	Juzgado de Distrito en Materia Mercantil Federal en el Estado de Chiapas, con residencia en Tuxtla Gutiérrez
20	3888	J	Juzgado Primero de Distrito de Procesos Penales Federales y de Amparo en Materia Penal en el Estado de Chiapas, con residencia en Tuxtla Gutiérrez
20	3889	J	Juzgado Segundo de Distrito de Procesos Penales Federales y de Amparo en Materia Penal en el Estado de Chiapas, con residencia en Tuxtla Gutiérrez
20	1535	C	Tribunal Colegiado en Materia Administrativa del Vigésimo Circuito, con residencia en Tuxtla Gutiérrez, Chiapas
20	1538	C	Tribunal Colegiado en Materia de Trabajo del Vigésimo Circuito, con residencia en Tuxtla Gutiérrez, Chiapas
20	1536	C	Primer Tribunal Colegiado en Materias Penal y Civil del Vigésimo Circuito, con residencia en Tuxtla Gutiérrez, Chiapas
20	1537	C	Segundo Tribunal Colegiado en Materias Penal y Civil del Vigésimo Circuito, con residencia en Tuxtla Gutiérrez, Chiapas
20	3982	L	Tribunal Laboral Federal de asuntos individuales en el Estado de Chiapas, con sede en Tuxtla Gutiérrez
20	4583	L	Primer Tribunal Laboral Federal de asuntos individuales en el Estado de Chiapas, con sede en Tuxtla Gutiérrez
20	4584	L	Segundo Tribunal Laboral Federal de asuntos individuales en el Estado de Chiapas, con sede en Tuxtla Gutiérrez
20	4585	L	Tercer Tribunal Laboral Federal de asuntos individuales en el Estado de Chiapas, con sede en Tuxtla Gutiérrez
20	4365	A	Tribunal Colegiado de Apelación del Vigésimo Circuito, con residencia en Cintalapa de Figueroa, Chiapas
20	4390	P	Pleno Regional en Materia Administrativa de la Región Centro-Sur, con residencia en Cuernavaca, Morelos (16/01/2023-15/01/2024)
20	4391	P	Pleno Regional en Materia Civil de la Región Centro-Sur, con residencia en Guadalajara, Jalisco (16/01/2023-15/01/2024)
20	4612	P	Pleno Regional en Materias Administrativa y Civil de la Región Centro-Sur, con residencia en la Ciudad de México.
20	4389	P	Pleno Regional en Materia Penal de la Región Centro-Sur, con residencia en San Andrés Cholula, Puebla (16/01/2023-15/01/2024)
20	4392	P	Pleno Regional en Materias Penal y de Trabajo de la Región Centro-Sur, con residencia en la Ciudad de México.
21	375	J	Juzgado Primero de Distrito en el Estado de Guerrero
21	378	J	Juzgado Segundo de Distrito en el Estado de Guerrero
21	380	J	Juzgado Tercero de Distrito en el Estado de Guerrero
21	382	J	Juzgado Cuarto de Distrito en el Estado de Guerrero
21	383	J	Juzgado Quinto de Distrito en el Estado de Guerrero
21	384	J	Juzgado Sexto de Distrito en el Estado de Guerrero
21	721	J	Juzgado Séptimo de Distrito en el Estado de Guerrero
21	722	J	Juzgado Octavo de Distrito en el Estado de Guerrero
21	1215	J	Juzgado Noveno de Distrito en el Estado de Guerrero, con residencia en Iguala
21	1330	J	Juzgado Décimo de Distrito en el Estado de Guerrero, con residencia en Chilpancingo, Gro
21	3823	J	Juzgado de Distrito en Materia Mercantil Federal en el Estado de Guerrero, con residencia en Acapulco
21	749	C	Primer Tribunal Colegiado en Materias Civil y de Trabajo del Vigésimo Primer Circuito
21	750	C	Segundo Tribunal Colegiado en Materias Civil y de Trabajo del Vigésimo Primer Circuito
21	1404	C	Tercer Tribunal Colegiado en Materias Civil y de Trabajo del Vigésimo Primer Circuito
21	751	C	Primer Tribunal Colegiado en Materias Penal y Administrativa del Vigésimo Primer Circuito
21	752	C	Segundo Tribunal Colegiado en Materias Penal y Administrativa del Vigésimo Primer Circuito
21	4135	L	Primer Tribunal Laboral Federal de asuntos individuales en el Estado de Guerrero, con sede en Acapulco
21	5601	L	Segundo Tribunal Laboral Federal de Asuntos Individuales en el Estado de Guerrero con sede en Acapulco
21	4366	A	Tribunal Colegiado de Apelación del Vigésimo Primer Circuito, con residencia en Acapulco
21	4390	P	Pleno Regional en Materia Administrativa de la Región Centro-Sur, con residencia en Cuernavaca, Morelos (16/01/2023-15/01/2024)
21	4391	P	Pleno Regional en Materia Civil de la Región Centro-Sur, con residencia en Guadalajara, Jalisco (16/01/2023-15/01/2024)
21	4612	P	Pleno Regional en Materias Administrativa y Civil de la Región Centro-Sur, con residencia en la Ciudad de México.
21	4389	P	Pleno Regional en Materia Penal de la Región Centro-Sur, con residencia en San Andrés Cholula, Puebla (16/01/2023-15/01/2024)
21	4392	P	Pleno Regional en Materias Penal y de Trabajo de la Región Centro-Sur, con residencia en la Ciudad de México.
22	3881	J	Juzgado Primero de Distrito en Materia Penal en el Estado de Querétaro
22	3882	J	Juzgado Segundo de Distrito en Materia Penal en el Estado de Querétaro
22	1391	J	Juzgado Primero de Distrito en Materia de Amparo Civil, Administrativo y de Trabajo y de Juicios Federales en el Estado de Querétaro
22	1392	J	Juzgado Segundo de Distrito en Materia de Amparo Civil, Administrativo y de Trabajo y de Juicios Federales en el Estado de Querétaro
22	1393	J	Juzgado Tercero de Distrito en Materia de Amparo Civil, Administrativo y de Trabajo y de Juicios Federales en el Estado de Querétaro
22	1395	J	Juzgado Cuarto de Distrito en Materia de Amparo Civil, Administrativo y de Trabajo y de Juicios Federales en el Estado de Querétaro
22	1396	J	Juzgado Quinto de Distrito en Materia de Amparo Civil, Administrativo y de Trabajo y de Juicios Federales en el Estado de Querétaro
22	1664	J	Juzgado Sexto de Distrito en Materia de Amparo Civil, Administrativo y de Trabajo y de Juicios Federales en el Estado de Querétaro
22	1665	J	Juzgado Séptimo de Distrito en Materia de Amparo Civil, Administrativo y de Trabajo y de Juicios Federales en el Estado de Querétaro
22	1588	C	Tribunal Colegiado en Materias Administrativa y de Trabajo del Vigésimo Segundo Circuito, con residencia en Querétaro, Querétaro
22	1589	C	Primer Tribunal Colegiado en Materias Administrativa y Civil del Vigésimo Segundo Circuito, con residencia en Querétaro, Querétaro
22	1590	C	Segundo Tribunal Colegiado en Materias Administrativa y Civil del Vigésimo Segundo Circuito, con residencia en Querétaro, Querétaro
22	2422	C	Tercer Tribunal Colegiado en Materias Administrativa y Civil del Vigésimo Segundo Circuito, con residencia en Querétaro, Querétaro
22	1587	C	Tribunal Colegiado en Materias Penal y Administrativa del Vigésimo Segundo Circuito, con residencia en Querétaro, Querétaro
22	4111	L	Primer Tribunal Laboral Federal de asuntos individuales en el Estado de Querétaro, con sede en Querétaro
22	4112	L	Segundo Tribunal Laboral Federal de asuntos individuales en el Estado de Querétaro, con sede en Querétaro
22	4367	A	Tribunal Colegiado de Apelación del Vigésimo Segundo Circuito, con residencia en Querétaro, Querétaro
22	4387	P	Pleno Regional en Materia Civil de la Región Centro-Norte, con residencia en la Ciudad de México (16/01/2023-15/01/2024)
22	4386	P	Pleno Regional en Materias Administrativa y Civil de la Región Centro-Norte, con residencia en la Ciudad de México.
22	4388	P	Pleno Regional en Materia de Trabajo de la Región Centro-Norte, con residencia en Monterrey, Nuevo León (16/01/2023-15/01/2024)
22	4385	P	Pleno Regional en Materias Penal y de Trabajo de la Región Centro-Norte, con residencia en la Ciudad de México.
23	459	J	Juzgado Primero de Distrito en el Estado de Zacatecas
23	396	J	Juzgado Segundo de Distrito en el Estado de Zacatecas
23	3832	J	Juzgado Tercero de Distrito en el Estado de Zacatecas
23	392	C	Primer Tribunal Colegiado del Vigésimo Tercer Circuito
23	3896	C	Segundo Tribunal Colegiado del Vigésimo Tercer Circuito
23	3980	L	Tribunal Laboral Federal de asuntos individuales en el Estado de Zacatecas, con sede en Zacatecas
23	4596	L	Primer Tribunal Laboral Federal de asuntos individuales en el Estado de Zacatecas, con sede en Zacatecas
23	4597	L	Segundo Tribunal Laboral Federal de asuntos individuales en el Estado de Zacatecas, con sede en Zacatecas
23	4368	A	Tribunal Colegiado de Apelación del Vigésimo Tercer Circuito, con residencia en Zacatecas, Zacatecas
23	4387	P	Pleno Regional en Materia Civil de la Región Centro-Norte, con residencia en la Ciudad de México (16/01/2023-15/01/2024)
23	4386	P	Pleno Regional en Materias Administrativa y Civil de la Región Centro-Norte, con residencia en la Ciudad de México.
23	4388	P	Pleno Regional en Materia de Trabajo de la Región Centro-Norte, con residencia en Monterrey, Nuevo León (16/01/2023-15/01/2024)
23	4385	P	Pleno Regional en Materias Penal y de Trabajo de la Región Centro-Norte, con residencia en la Ciudad de México.
24	2427	J	Juzgado Cuarto de Distrito de Amparo en Materia Penal en el Estado de Nayarit(16/11/2017 - 01/08/2023)
24	1083	J	Juzgado Primero de Distrito en Materia Penal en el Estado de Nayarit
24	1084	J	Juzgado Segundo de Distrito en Materia Penal en el Estado de Nayarit
24	1178	J	Juzgado Tercero de Distrito en Materia Penal en el Estado de Nayarit
24	4438	J	Juzgado Cuarto de Distrito en Materia Penal en el Estado de Nayarit, con residencia en el Rincón, Municipio de Tepic
24	3891	J	Juzgado de Distrito de Procesos Penales Federales en el Estado de Nayarit, con residencia en el Rincón, Municipio de Tepic (16/03/2020 - 31/07/2023)
24	1092	J	Juzgado Primero de Distrito en Materia de Amparo Civil, Administrativo y de Trabajo y de Juicios Federales en el Estado de Nayarit
24	1093	J	Juzgado Segundo de Distrito en Materia de Amparo Civil, Administrativo y de Trabajo y de Juicios Federales en el Estado de Nayarit
24	3890	J	Juzgado Tercero de Distrito en Materia de Amparo Civil, Administrativo y de Trabajo y de Juicios Federales en el Estado de Nayarit, con residencia en el Rincón, Municipio de Tepic
24	4439	J	Juzgado Cuarto de Distrito en Materia de Amparo Civil, Administrativo y de Trabajo y de Juicios Federales en el Estado de Nayarit
24	399	C	Primer Tribunal Colegiado del Vigésimo Cuarto Circuito
24	1080	C	Segundo Tribunal Colegiado del Vigésimo Cuarto Circuito
24	4431	C	Tercer Tribunal Colegiado del Vigésimo Cuarto Circuito
24	4295	L	Tribunal Laboral Federal de asuntos individuales en el Estado de Nayarit, con sede en Tepic
24	4369	A	Tribunal Colegiado de Apelación del Vigésimo Cuarto Circuito, con residencia en Tepic, Nayarit
24	4387	P	Pleno Regional en Materia Civil de la Región Centro-Norte, con residencia en la Ciudad de México (16/01/2023-15/01/2024)
24	4386	P	Pleno Regional en Materias Administrativa y Civil de la Región Centro-Norte, con residencia en la Ciudad de México.
24	4388	P	Pleno Regional en Materia de Trabajo de la Región Centro-Norte, con residencia en Monterrey, Nuevo León (16/01/2023-15/01/2024)
24	4385	P	Pleno Regional en Materias Penal y de Trabajo de la Región Centro-Norte, con residencia en la Ciudad de México.
25	405	J	Juzgado Primero de Distrito en el Estado de Durango
25	406	J	Juzgado Segundo de Distrito en el Estado de Durango
25	407	J	Juzgado Tercero de Distrito en el Estado de Durango
25	403	C	Primer Tribunal Colegiado del Vigésimo Quinto Circuito
25	1478	C	Segundo Tribunal Colegiado del Vigésimo Quinto Circuito
25	3981	L	Tribunal Laboral Federal de asuntos individuales en el Estado de Durango, con sede en Durango
25	4442	L	Primer Tribunal Laboral Federal de asuntos individuales en el Estado de Durango, con sede en Durango
25	4443	L	Segundo Tribunal Laboral Federal de asuntos individuales en el Estado de Durango, con sede en Durango
25	4370	A	Tribunal Colegiado de Apelación del Vigésimo Quinto Circuito, con residencia en Durango, Durango
25	4387	P	Pleno Regional en Materia Civil de la Región Centro-Norte, con residencia en la Ciudad de México (16/01/2023-15/01/2024)
25	4386	P	Pleno Regional en Materias Administrativa y Civil de la Región Centro-Norte, con residencia en la Ciudad de México.
25	4388	P	Pleno Regional en Materia de Trabajo de la Región Centro-Norte, con residencia en Monterrey, Nuevo León (16/01/2023-15/01/2024)
25	4385	P	Pleno Regional en Materias Penal y de Trabajo de la Región Centro-Norte, con residencia en la Ciudad de México.
26	410	J	Juzgado Primero de Distrito en el Estado de Baja California Sur
26	411	J	Juzgado Segundo de Distrito en el Estado de Baja California Sur
26	1185	J	Juzgado Tercero de Distrito en el Estado de Baja California Sur
26	408	C	Primer Tribunal Colegiado del Vigésimo Sexto Circuito, con residencia en La Paz, Baja California Sur
26	4405	C	Segundo Tribunal Colegiado del Vigésimo Sexto Circuito, con residencia en La Paz, Baja California Sur
26	4133	L	Tribunal Laboral Federal de asuntos individuales en el Estado de Baja California Sur, con sede en La Paz
26	4371	A	Tribunal Colegiado de Apelación del Vigésimo Sexto Circuito, con residencia en La Paz
26	4387	P	Pleno Regional en Materia Civil de la Región Centro-Norte, con residencia en la Ciudad de México (16/01/2023-15/01/2024)
26	4386	P	Pleno Regional en Materias Administrativa y Civil de la Región Centro-Norte, con residencia en la Ciudad de México.
26	4388	P	Pleno Regional en Materia de Trabajo de la Región Centro-Norte, con residencia en Monterrey, Nuevo León (16/01/2023-15/01/2024)
26	4385	P	Pleno Regional en Materias Penal y de Trabajo de la Región Centro-Norte, con residencia en la Ciudad de México.
27	419	J	Juzgado Primero de Distrito en el Estado de Quintana Roo
27	790	J	Juzgado Segundo de Distrito en el Estado de Quintana Roo
27	425	J	Juzgado Tercero de Distrito en el Estado de Quintana Roo
27	791	J	Juzgado Cuarto de Distrito en el Estado de Quintana Roo
27	1182	J	Juzgado Quinto de Distrito en el Estado de Quintana Roo
27	1236	J	Juzgado Sexto de Distrito en el Estado de Quintana Roo
27	1350	J	Juzgado Séptimo de Distrito en el Estado de Quintana Roo, con residencia en Cancún
27	2953	J	Juzgado Octavo de Distrito en el Estado de Quintana Roo, con residencia en Cancún
27	4142	J	Juzgado Noveno de Distrito en el Estado de Quintana Roo, con residencia en Cancún
27	1239	J	Juzgado de Distrito en Materia Mercantil Federal en el Estado de Quintana Roo, Especializado en Juicios Orales
27	462	C	Primer Tribunal Colegiado del Vigésimo Séptimo Circuito
27	944	C	Segundo Tribunal Colegiado del Vigésimo Séptimo Circuito
27	1319	C	Tercer Tribunal Colegiado del Vigésimo Séptimo Circuito, con residencia en Cancún, Quintana Roo
27	4136	L	Primer Tribunal Laboral Federal de asuntos individuales en el Estado de Quintana Roo, con sede en Cancún
27	5602	L	Segundo Tribunal Laboral Federal de Asuntos Individuales en el Estado de Quinta Roo con sede Cancún
27	4372	A	Tribunal Colegiado de Apelación del Vigésimo Séptimo Circuito, con residencia en Cancún, Quintana Roo
27	4390	P	Pleno Regional en Materia Administrativa de la Región Centro-Sur, con residencia en Cuernavaca, Morelos (16/01/2023-15/01/2024)
27	4391	P	Pleno Regional en Materia Civil de la Región Centro-Sur, con residencia en Guadalajara, Jalisco (16/01/2023-15/01/2024)
27	4612	P	Pleno Regional en Materias Administrativa y Civil de la Región Centro-Sur, con residencia en la Ciudad de México.
27	4389	P	Pleno Regional en Materia Penal de la Región Centro-Sur, con residencia en San Andrés Cholula, Puebla (16/01/2023-15/01/2024)
27	4392	P	Pleno Regional en Materias Penal y de Trabajo de la Región Centro-Sur, con residencia en la Ciudad de México.
28	187	J	Juzgado Primero de Distrito en el Estado de Tlaxcala
28	192	J	Juzgado Segundo de Distrito en el Estado de Tlaxcala
28	1242	J	Juzgado Tercero de Distrito en el Estado de Tlaxcala
28	3849	J	Juzgado de Distrito en Materia Mercantil Federal en el Estado de Tlaxcala
28	575	C	Primer Tribunal Colegiado del Vigésimo Octavo Circuito
28	2412	C	Segundo Tribunal Colegiado del Vigésimo Octavo Circuito
28	4114	L	Primer Tribunal Laboral Federal de asuntos individuales en el Estado de Tlaxcala, con sede en Tlaxcala
28	4115	L	Segundo Tribunal Laboral Federal de asuntos individuales en el Estado de Tlaxcala, con sede en Tlaxcala
28	4116	L	Tercer Tribunal Laboral Federal de asuntos individuales en el Estado de Tlaxcala, con sede en Tlaxcala
28	4373	A	Tribunal Colegiado de Apelación del Vigésimo Octavo Circuito, con residencia en Apizaco, Tlaxcala
28	4387	P	Pleno Regional en Materia Civil de la Región Centro-Norte, con residencia en la Ciudad de México (16/01/2023-15/01/2024)
28	4386	P	Pleno Regional en Materias Administrativa y Civil de la Región Centro-Norte, con residencia en la Ciudad de México.
28	4388	P	Pleno Regional en Materia de Trabajo de la Región Centro-Norte, con residencia en Monterrey, Nuevo León (16/01/2023-15/01/2024)
28	4385	P	Pleno Regional en Materias Penal y de Trabajo de la Región Centro-Norte, con residencia en la Ciudad de México.
29	386	J	Juzgado Primero de Distrito en el Estado de Hidalgo
29	417	J	Juzgado Segundo de Distrito en el Estado de Hidalgo
29	801	J	Juzgado Tercero de Distrito en el Estado de Hidalgo
29	1273	J	Juzgado Cuarto de Distrito en el Estado de Hidalgo, con residencia en Pachuca
29	389	C	Primer Tribunal Colegiado del Vigésimo Noveno Circuito
29	391	C	Segundo Tribunal Colegiado del Vigésimo Noveno Circuito
29	2992	C	Tercer Tribunal Colegiado del Vigésimo Noveno Circuito
29	3987	L	Tribunal Laboral Federal de asuntos individuales en el Estado de Hidalgo, con sede en Pachuca
29	4447	L	Primer Tribunal Laboral Federal de asuntos individuales en el Estado de Hidalgo, con sede en Pachuca
29	4448	L	Segundo Tribunal Laboral Federal de asuntos individuales en el Estado de Hidalgo, con sede en Pachuca
29	4449	L	Tercer Tribunal Laboral Federal de asuntos individuales en el Estado de Hidalgo, con sede en Pachuca
29	4374	A	Tribunal Colegiado de Apelación del Vigésimo Noveno Circuito, con residencia en Pachuca, Hidalgo
29	4390	P	Pleno Regional en Materia Administrativa de la Región Centro-Sur, con residencia en Cuernavaca, Morelos (16/01/2023-15/01/2024)
29	4391	P	Pleno Regional en Materia Civil de la Región Centro-Sur, con residencia en Guadalajara, Jalisco (16/01/2023-15/01/2024)
29	4612	P	Pleno Regional en Materias Administrativa y Civil de la Región Centro-Sur, con residencia en la Ciudad de México.
29	4389	P	Pleno Regional en Materia Penal de la Región Centro-Sur, con residencia en San Andrés Cholula, Puebla (16/01/2023-15/01/2024)
29	4392	P	Pleno Regional en Materias Penal y de Trabajo de la Región Centro-Sur, con residencia en la Ciudad de México.
30	394	J	Juzgado Primero de Distrito en el Estado de Aguascalientes
30	418	J	Juzgado Segundo de Distrito en el Estado de Aguascalientes
30	398	J	Juzgado Tercero de Distrito en el Estado de Aguascalientes
30	1555	J	Juzgado Cuarto de Distrito en el Estado de Aguascalientes
30	1556	J	Juzgado Quinto de Distrito en el Estado de Aguascalientes
30	2417	J	Juzgado Sexto de Distrito en el Estado de Aguascalientes
30	4000	J	Juzgado Séptimo de Distrito en el Estado de Aguascalientes
30	395	C	Primer Tribunal Colegiado del Trigésimo Circuito
30	397	C	Segundo Tribunal Colegiado del Trigésimo Circuito
30	2420	C	Tercer Tribunal Colegiado del Trigésimo Circuito
30	3447	C	Cuarto Tribunal Colegiado del Trigésimo Circuito
30	4130	L	Primer Tribunal Laboral Federal de asuntos individuales en el Estado de Aguascalientes, con sede en Aguascalientes
30	4456	L	Segundo Tribunal Laboral Federal de asuntos individuales en el Estado de Aguascalientes, con sede en Aguascalientes
30	4375	A	Tribunal Colegiado de Apelación del Trigésimo Circuito, con residencia en Aguascalientes, Aguascalientes
30	4387	P	Pleno Regional en Materia Civil de la Región Centro-Norte, con residencia en la Ciudad de México (16/01/2023-15/01/2024)
30	4386	P	Pleno Regional en Materias Administrativa y Civil de la Región Centro-Norte, con residencia en la Ciudad de México.
30	4388	P	Pleno Regional en Materia de Trabajo de la Región Centro-Norte, con residencia en Monterrey, Nuevo León (16/01/2023-15/01/2024)
30	4385	P	Pleno Regional en Materias Penal y de Trabajo de la Región Centro-Norte, con residencia en la Ciudad de México.
31	285	J	Juzgado Primero de Distrito en el Estado de Campeche
31	288	J	Juzgado Segundo de Distrito en el Estado de Campeche
31	3838	J	Juzgado Tercero de Distrito en el Estado de Campeche, con residencia en Ciudad del Carmen
31	1045	C	Tribunal Colegiado del Trigésimo Primer Circuito
31	3983	L	Tribunal Laboral Federal de asuntos individuales en el Estado de Campeche, con sede en Campeche
31	3984	L	Tribunal Laboral Federal de asuntos individuales en el Estado de Campeche, con sede en Ciudad del Carmen
31	4598	L	Primer Tribunal Laboral Federal de asuntos individuales en el Estado de Campeche, con sede en Campeche
31	4599	L	Segundo Tribunal Laboral Federal de asuntos individuales en el Estado de Campeche, con sede en Campeche
31	4600	L	Tercer Tribunal Laboral Federal de asuntos individuales en el Estado de Campeche, con sede en Ciudad del Carmen
31	4601	L	Cuarto Tribunal Laboral Federal de asuntos individuales en el Estado de Campeche, con sede en Ciudad del Carmen
31	4602	L	Quinto Tribunal Laboral Federal de asuntos individuales en el Estado de Campeche, con sede en Ciudad del Carmen
31	4376	A	Tribunal Colegiado de Apelación del Trigésimo Primer Circuito, con residencia en San Francisco de Campeche, Campeche
31	4390	P	Pleno Regional en Materia Administrativa de la Región Centro-Sur, con residencia en Cuernavaca, Morelos (16/01/2023-15/01/2024)
31	4391	P	Pleno Regional en Materia Civil de la Región Centro-Sur, con residencia en Guadalajara, Jalisco (16/01/2023-15/01/2024)
31	4612	P	Pleno Regional en Materias Administrativa y Civil de la Región Centro-Sur, con residencia en la Ciudad de México.
31	4389	P	Pleno Regional en Materia Penal de la Región Centro-Sur, con residencia en San Andrés Cholula, Puebla (16/01/2023-15/01/2024)
31	4392	P	Pleno Regional en Materias Penal y de Trabajo de la Región Centro-Sur, con residencia en la Ciudad de México.
32	125	J	Juzgado Primero de Distrito en el Estado de Colima
32	134	J	Juzgado Segundo de Distrito en el Estado de Colima
32	2424	J	Juzgado Tercero de Distrito en el Estado de Colima
32	1089	C	Tribunal Colegiado del Trigésimo Segundo Circuito
32	4134	L	Tribunal Laboral Federal de asuntos individuales en el Estado de Colima, con sede en Colima
32	4377	A	Tribunal Colegiado de Apelación del Trigésimo Segundo Circuito, con residencia en Colima
32	4390	P	Pleno Regional en Materia Administrativa de la Región Centro-Sur, con residencia en Cuernavaca, Morelos (16/01/2023-15/01/2024)
32	4391	P	Pleno Regional en Materia Civil de la Región Centro-Sur, con residencia en Guadalajara, Jalisco (16/01/2023-15/01/2024)
32	4612	P	Pleno Regional en Materias Administrativa y Civil de la Región Centro-Sur, con residencia en la Ciudad de México.
32	4389	P	Pleno Regional en Materia Penal de la Región Centro-Sur, con residencia en San Andrés Cholula, Puebla (16/01/2023-15/01/2024)
32	4392	P	Pleno Regional en Materias Penal y de Trabajo de la Región Centro-Sur, con residencia en la Ciudad de México.
